name,id,nametype,recclass,mass (g),fall,year,reclat,reclong,GeoLocation
Northwest Africa 5815,50693,Valid,L5,256.8,Found,,0,0,(0.0; 0.0)
Cumulus Hills 04075,32531,Valid,Pallasite,9.6,Found,01/01/2003,,,
Dominion Range 03239,32591,Valid,L6,69.5,Found,01/01/2002,,,
Dominion Range 03240,32592,Valid,LL5,290.9,Found,01/01/2002,,,
Abajo,4,Valid,H5,331,Found,01/01/1982,26.8,-105.41667,(26.8; -105.41667)
Abar al' Uj 001,51399,Valid,H3.8,194.34,Found,01/01/2008,22.72192,48.95937,(22.72192; 48.95937)
Abbott,5,Valid,H3-6,21100,Found,01/01/1951,36.3,-104.28333,(36.3; -104.28333)
Abernathy,7,Valid,L6,2914,Found,01/01/1941,33.85,-101.8,(33.85; -101.8)
Abo,8,Valid,H,1.2,Found,01/01/1840,60.43333,22.3,(60.43333; 22.3)
Abu Moharek,9,Valid,H4,4500,Found,01/01/1997,27.23944,29.83583,(27.23944; 29.83583)
Acfer 001,11,Valid,L6,6700,Found,01/01/1989,27.5,3.61667,(27.5; 3.61667)
Acfer 002,12,Valid,H5,228,Found,01/01/1989,27.61667,3.85,(27.61667; 3.85)
Acfer 003,13,Valid,H5,145,Found,01/01/1989,27.81667,4.03333,(27.81667; 4.03333)
Acfer 004,14,Valid,L6,1020,Found,01/01/1989,27.58333,3.81667,(27.58333; 3.81667)
Acfer 005,15,Valid,H3.9/4,115,Found,01/01/1989,27.6,3.83333,(27.6; 3.83333)
Acfer 006,16,Valid,H3.9/4,561,Found,01/01/1989,27.63333,3.96667,(27.63333; 3.96667)
Acfer 007,17,Valid,L5,542,Found,01/01/1989,27.51667,3.65,(27.51667; 3.65)
Acfer 008,18,Valid,H5,205,Found,01/01/1989,27.53333,3.7,(27.53333; 3.7)
Acfer 009,19,Valid,L6,127,Found,01/01/1989,27.73333,4.08333,(27.73333; 4.08333)
Acfer 010,20,Valid,L6,276,Found,01/01/1989,27.75,4.1,(27.75; 4.1)
Acfer 011,21,Valid,H5,3800,Found,01/01/1989,27.75,4.16667,(27.75; 4.16667)
Acfer 012,22,Valid,H6,98,Found,01/01/1989,27.8,4.16667,(27.8; 4.16667)
Acfer 013,23,Valid,H5,490,Found,01/01/1989,27.83333,4.28333,(27.83333; 4.28333)
Acfer 014,24,Valid,H5,307,Found,01/01/1989,27.8,4.46667,(27.8; 4.46667)
Acfer 015,25,Valid,L6,98,Found,01/01/1989,27.78333,4.28333,(27.78333; 4.28333)
Acfer 016,26,Valid,H4-5,111,Found,01/01/1989,27.71667,4.48333,(27.71667; 4.48333)
Acfer 017,27,Valid,L5,446,Found,01/01/1989,27.73333,4.4,(27.73333; 4.4)
Acfer 018,28,Valid,H5,207,Found,01/01/1989,27.7,4.08333,(27.7; 4.08333)
Acfer 019,29,Valid,L6,581,Found,01/01/1989,27.7,4.06667,(27.7; 4.06667)
Acfer 020,30,Valid,H5,708,Found,01/01/1989,27.7,4.06667,(27.7; 4.06667)
Acfer 021,31,Valid,H6,2140,Found,01/01/1989,27.55,3.61667,(27.55; 3.61667)
Acfer 022,32,Valid,H3.7,192,Found,01/01/1989,27.51667,3.83333,(27.51667; 3.83333)
Acfer 023,33,Valid,H3.8,118,Found,01/01/1989,27.51667,3.91667,(27.51667; 3.91667)
Acfer 024,34,Valid,H5,1464,Found,01/01/1989,27.55,3.93333,(27.55; 3.93333)
Acfer 025,35,Valid,H5,920,Found,01/01/1989,27.58333,3.96667,(27.58333; 3.96667)
Acfer 026,36,Valid,H5/6,88,Found,01/01/1989,27.61667,4.05,(27.61667; 4.05)
Acfer 027,37,Valid,H5,206,Found,01/01/1989,27.66667,4.2,(27.66667; 4.2)
Acfer 028,38,Valid,H3.8,3130,Found,01/01/1989,27.66667,4.25,(27.66667; 4.25)
Acfer 029,39,Valid,H4,98,Found,01/01/1989,27.68333,4.33333,(27.68333; 4.33333)
Acfer 030,40,Valid,LL6,123,Found,01/01/1989,27.68333,4.41667,(27.68333; 4.41667)
Acfer 031,41,Valid,H5,2016,Found,01/01/1989,27.66667,4.35,(27.66667; 4.35)
Acfer 032,42,Valid,L6,495,Found,01/01/1989,27.65,4.46667,(27.65; 4.46667)
Acfer 033,43,Valid,L6,93,Found,01/01/1989,27.65,4.43333,(27.65; 4.43333)
Acfer 034,44,Valid,L6,184,Found,01/01/1989,27.63333,4.35,(27.63333; 4.35)
Acfer 035,45,Valid,H6,36,Found,01/01/1989,27.6,4.3,(27.6; 4.3)
Acfer 036,46,Valid,L5/6,112,Found,01/01/1989,27.58333,4.25,(27.58333; 4.25)
Acfer 037,47,Valid,LL4-6,385,Found,01/01/1989,27.55,4.13333,(27.55; 4.13333)
Acfer 038,48,Valid,H5,962,Found,01/01/1989,27.53333,4,(27.53333; 4.0)
Acfer 039,49,Valid,L3.8,225,Found,01/01/1989,27.53333,3.91667,(27.53333; 3.91667)
Acfer 040,50,Valid,L5-6,146,Found,01/01/1989,27.46667,3.78333,(27.46667; 3.78333)
Acfer 041,51,Valid,L/LL6,134,Found,01/01/1989,27.43333,3.71667,(27.43333; 3.71667)
Acfer 042,52,Valid,H5,246,Found,01/01/1989,27.46667,3.83333,(27.46667; 3.83333)
Acfer 043,53,Valid,H4,120,Found,01/01/1989,27.51667,3.91667,(27.51667; 3.91667)
Acfer 044,54,Valid,L6,195,Found,01/01/1989,27.55,4,(27.55; 4.0)
Acfer 046,56,Valid,H5,1066,Found,01/01/1989,27.78333,4.7,(27.78333; 4.7)
Acfer 047,57,Valid,L4,1440,Found,01/01/1989,27.83333,4.7,(27.83333; 4.7)
Acfer 048,58,Valid,H4-5,115,Found,01/01/1989,27.55,4.08333,(27.55; 4.08333)
Acfer 049,59,Valid,H5,82.9,Found,01/01/1989,27.41667,3.71667,(27.41667; 3.71667)
Acfer 050,60,Valid,H6,1394,Found,01/01/1989,27.65,4.5,(27.65; 4.5)
Acfer 051,61,Valid,L5,905,Found,01/01/1989,27.61667,4.41667,(27.61667; 4.41667)
Acfer 052,62,Valid,L5,58,Found,01/01/1989,27.75,4.15,(27.75; 4.15)
Acfer 053,63,Valid,H6,1937,Found,01/01/1989,27.73333,4.05,(27.73333; 4.05)
Acfer 054,64,Valid,H5,2051,Found,01/01/1989,27.7,3.93333,(27.7; 3.93333)
Acfer 055,65,Valid,H5,1338,Found,01/01/1989,27.5,3.98333,(27.5; 3.98333)
Acfer 056,66,Valid,L4,129,Found,01/01/1989,27.46667,3.88333,(27.46667; 3.88333)
Acfer 058,67,Valid,LL5-6,277,Found,01/01/1989,27.38333,3.71667,(27.38333; 3.71667)
Acfer 059,68,Valid,CR2,281,Found,01/01/1989,27.51667,4.06667,(27.51667; 4.06667)
Acfer 060,69,Valid,H4,226,Found,01/01/1989,27.56667,4.16667,(27.56667; 4.16667)
Acfer 061,70,Valid,H4-5,105,Found,01/01/1989,27.6,4.25,(27.6; 4.25)
Acfer 062,71,Valid,H5,283,Found,01/01/1989,27.6,4.41667,(27.6; 4.41667)
Acfer 063,72,Valid,Mesosiderite,716,Found,01/01/1989,27.61667,4.56667,(27.61667; 4.56667)
Acfer 064,73,Valid,L5,854,Found,01/01/1989,27.61667,4.56667,(27.61667; 4.56667)
Acfer 065,74,Valid,H4-5,1539,Found,01/01/1989,27.5,4.28333,(27.5; 4.28333)
Acfer 066,75,Valid,LL3.8-6,517,Found,01/01/1990,27.63333,4.06667,(27.63333; 4.06667)
Acfer 067,76,Valid,H5,383,Found,01/01/1990,27.71667,4.78333,(27.71667; 4.78333)
Acfer 068,77,Valid,L6,1805,Found,01/01/1990,27.55,3.7,(27.55; 3.7)
Acfer 069,78,Valid,L6,941,Found,01/01/1990,27.53333,3.83333,(27.53333; 3.83333)
Acfer 070,79,Valid,H4/5,138,Found,01/01/1990,27.68333,4.48333,(27.68333; 4.48333)
Acfer 071,80,Valid,L6,1379,Found,01/01/1990,27.63333,4.28333,(27.63333; 4.28333)
Acfer 072,81,Valid,L5/6,162,Found,01/01/1990,27.63333,4.25,(27.63333; 4.25)
Acfer 073,82,Valid,H5,2010,Found,01/01/1990,27.53333,3.85,(27.53333; 3.85)
Acfer 074,83,Valid,L6,384,Found,01/01/1990,27.48333,3.83333,(27.48333; 3.83333)
Acfer 075,84,Valid,H5,1453,Found,01/01/1990,27.51667,3.73333,(27.51667; 3.73333)
Acfer 076,85,Valid,H5,183,Found,01/01/1990,27.7,4.35,(27.7; 4.35)
Acfer 077,86,Valid,L6,2538,Found,01/01/1990,27.63333,4.51667,(27.63333; 4.51667)
Acfer 078,87,Valid,H5,105,Found,01/01/1990,27.56667,4.15,(27.56667; 4.15)
Acfer 079,88,Valid,L6,387,Found,01/01/1990,27.5,3.68333,(27.5; 3.68333)
Acfer 080,89,Valid,L3.9,574,Found,01/01/1990,27.63333,4.51667,(27.63333; 4.51667)
Acfer 081,90,Valid,LL5-6,110,Found,01/01/1990,27.53333,3.86667,(27.53333; 3.86667)
Acfer 082,91,Valid,CV3,208,Found,01/01/1990,27.5,3.48333,(27.5; 3.48333)
Acfer 083,92,Valid,L6,690,Found,01/01/1990,27.48333,3.63333,(27.48333; 3.63333)
Acfer 084,93,Valid,H5,6300,Found,01/01/1990,27.55,3.86667,(27.55; 3.86667)
Acfer 085,94,Valid,H5,293,Found,01/01/1990,27.58333,3.95,(27.58333; 3.95)
Acfer 086,95,Valid,CV3,173,Found,01/01/1990,27.66667,4.18333,(27.66667; 4.18333)
Acfer 087,96,Valid,CR2,163,Found,01/01/1990,27.7,4.26667,(27.7; 4.26667)
Acfer 088,97,Valid,L6,200,Found,01/01/1990,27.75,4.43333,(27.75; 4.43333)
Acfer 089,98,Valid,H5,682,Found,01/01/1990,27.63333,4.3,(27.63333; 4.3)
Acfer 090,99,Valid,H5,290,Found,01/01/1990,27.5,3.83333,(27.5; 3.83333)
Acfer 091,100,Valid,LL5-6,3487,Found,01/01/1990,27.45,4.11667,(27.45; 4.11667)
Acfer 092,101,Valid,H5,244,Found,01/01/1990,27.66667,4.51667,(27.66667; 4.51667)
Acfer 093,102,Valid,L5,420,Found,01/01/1990,27.71667,4.13333,(27.71667; 4.13333)
Acfer 094,103,Valid,C2-ung,82,Found,01/01/1990,27.73333,4.43333,(27.73333; 4.43333)
Acfer 095,104,Valid,H3.7,104,Found,01/01/1990,27.71667,4.38333,(27.71667; 4.38333)
Acfer 096,105,Valid,L4-5,572,Found,01/01/1990,27.61667,4.2,(27.61667; 4.2)
Acfer 097,106,Valid,CR2,63,Found,01/01/1990,27.51667,3.96667,(27.51667; 3.96667)
Acfer 098,107,Valid,H5,5500,Found,01/01/1990,27.46667,3.88333,(27.46667; 3.88333)
Acfer 099,108,Valid,H5,313,Found,01/01/1990,27.45,3.83333,(27.45; 3.83333)
Acfer 100,109,Valid,H6,140,Found,01/01/1990,27.46667,3.95,(27.46667; 3.95)
Acfer 101,110,Valid,L6,452,Found,01/01/1990,27.53333,4.16667,(27.53333; 4.16667)
Acfer 102,111,Valid,L3-5,346,Found,01/01/1990,27.66667,4.46667,(27.66667; 4.46667)
Acfer 103,112,Valid,H5,665,Found,01/01/1990,27.8,4.5,(27.8; 4.5)
Acfer 104,113,Valid,H4/5,992,Found,01/01/1990,27.63333,4.36667,(27.63333; 4.36667)
Acfer 105,114,Valid,L6,392,Found,01/01/1990,27.55,4.13333,(27.55; 4.13333)
Acfer 106,115,Valid,LL6,1390,Found,01/01/1990,27.5,3.9,(27.5; 3.9)
Acfer 107,116,Valid,L6,105,Found,01/01/1990,27.45,3.75,(27.45; 3.75)
Acfer 108,117,Valid,H6,828,Found,01/01/1990,27.5,3.88333,(27.5; 3.88333)
Acfer 109,118,Valid,H4/5,236,Found,01/01/1990,27.55,3.76667,(27.55; 3.76667)
Acfer 110,119,Valid,L6,107,Found,01/01/1990,27.48333,3.8,(27.48333; 3.8)
Acfer 111,120,Valid,H3-6,987,Found,01/01/1990,27.48333,3.8,(27.48333; 3.8)
Acfer 112,121,Valid,LL4/5,216,Found,01/01/1990,27.65,4.03333,(27.65; 4.03333)
Acfer 113,122,Valid,LL6,2906,Found,01/01/1990,27.56667,4.03333,(27.56667; 4.03333)
Acfer 114,123,Valid,CR2,43,Found,01/01/1990,27.6,3.96667,(27.6; 3.96667)
Acfer 115,124,Valid,H6,287,Found,01/01/1990,27.73333,4.16667,(27.73333; 4.16667)
Acfer 116,125,Valid,L6,345,Found,01/01/1990,27.73333,4.16667,(27.73333; 4.16667)
Acfer 117,126,Valid,H4,178,Found,01/01/1990,27.73333,4.2,(27.73333; 4.2)
Acfer 118,127,Valid,L6,752,Found,01/01/1990,27.66667,4.2,(27.66667; 4.2)
Dominion Range 03241,32593,Valid,LL6,95,Found,01/01/2002,,,
Acfer 119,128,Valid,H3.8,121,Found,01/01/1990,27.65,4.23333,(27.65; 4.23333)
Acfer 120,129,Valid,LL6,861,Found,01/01/1990,27.65,4.3,(27.65; 4.3)
Acfer 121,130,Valid,L5-6,427,Found,01/01/1990,27.68333,4.33333,(27.68333; 4.33333)
Acfer 122,131,Valid,L4/5,235,Found,01/01/1990,27.5,3.66667,(27.5; 3.66667)
Acfer 123,132,Valid,H3.9,452,Found,01/01/1990,27.46667,3.76667,(27.46667; 3.76667)
Acfer 124,133,Valid,LL5-6,542,Found,01/01/1990,27.6,4.05,(27.6; 4.05)
Acfer 125,134,Valid,L6,3380,Found,01/01/1990,27.68333,4.35,(27.68333; 4.35)
Acfer 126,135,Valid,LL5-6,280,Found,01/01/1990,27.51667,3.8,(27.51667; 3.8)
Acfer 127,136,Valid,L6,699,Found,01/01/1990,27.7,4.3,(27.7; 4.3)
Acfer 128,137,Valid,L6,163,Found,01/01/1990,27.5,4.3,(27.5; 4.3)
Acfer 129,138,Valid,H3.7,162,Found,01/01/1990,27.6,4.2,(27.6; 4.2)
Acfer 130,139,Valid,H5,400,Found,01/01/1990,27.58333,4,(27.58333; 4.0)
Acfer 131,140,Valid,LL6,171,Found,01/01/1990,27.58333,3.96667,(27.58333; 3.96667)
Acfer 132,141,Valid,H6,1621,Found,01/01/1990,27.5,3.76667,(27.5; 3.76667)
Acfer 133,142,Valid,L3-5,362,Found,01/01/1990,27.5,3.83333,(27.5; 3.83333)
Acfer 134,143,Valid,L5,1161,Found,01/01/1990,27.76667,4.53333,(27.76667; 4.53333)
Acfer 135,144,Valid,H5,124,Found,01/01/1990,27.55,4.03333,(27.55; 4.03333)
Acfer 136,145,Valid,H5,324,Found,01/01/1990,27.46667,4.05,(27.46667; 4.05)
Acfer 137,146,Valid,H4/5,106,Found,01/01/1990,27.58333,4.08333,(27.58333; 4.08333)
Acfer 138,147,Valid,L5,941,Found,01/01/1990,27.66667,4.08333,(27.66667; 4.08333)
Acfer 139,148,Valid,CR2,143,Found,01/01/1990,27.56667,4.08333,(27.56667; 4.08333)
Acfer 140,149,Valid,L5,171,Found,01/01/1990,27.56667,4.08333,(27.56667; 4.08333)
Acfer 141,150,Valid,H5,58,Found,01/01/1990,27.58333,3.85,(27.58333; 3.85)
Acfer 142,151,Valid,L5,91,Found,01/01/1990,27.56667,4.35,(27.56667; 4.35)
Acfer 143,152,Valid,L6,417,Found,01/01/1990,27.66667,4.45,(27.66667; 4.45)
Acfer 144,153,Valid,L6,186,Found,01/01/1990,27.66667,4.28333,(27.66667; 4.28333)
Acfer 145,154,Valid,L6,869,Found,01/01/1990,27.66667,4.28333,(27.66667; 4.28333)
Acfer 146,155,Valid,H5,200,Found,01/01/1990,27.63333,4.08333,(27.63333; 4.08333)
Acfer 147,156,Valid,L6,140,Found,01/01/1990,27.6,4.11667,(27.6; 4.11667)
Acfer 148,157,Valid,H5,157,Found,01/01/1990,27.58333,4.06667,(27.58333; 4.06667)
Acfer 149,158,Valid,L/LL6,394,Found,01/01/1990,27.58333,4.05,(27.58333; 4.05)
Acfer 150,159,Valid,H5,251,Found,01/01/1990,27.56667,3.81667,(27.56667; 3.81667)
Acfer 151,160,Valid,H5,218,Found,01/01/1990,27.46667,3.71667,(27.46667; 3.71667)
Acfer 152,161,Valid,H5,157,Found,01/01/1990,27.43333,3.75,(27.43333; 3.75)
Acfer 153,162,Valid,H3.6-6,211,Found,01/01/1990,27.53333,3.95,(27.53333; 3.95)
Acfer 154,163,Valid,H5,95,Found,01/01/1990,27.55,4.01667,(27.55; 4.01667)
Acfer 155,164,Valid,L6,206,Found,01/01/1990,27.66667,4.25,(27.66667; 4.25)
Acfer 156,165,Valid,L6,240,Found,01/01/1990,27.66667,4.23333,(27.66667; 4.23333)
Acfer 157,166,Valid,L6,1072,Found,01/01/1990,27.66667,4.23333,(27.66667; 4.23333)
Acfer 158,167,Valid,H4/5,422,Found,01/01/1990,27.66667,4.21667,(27.66667; 4.21667)
Acfer 159,168,Valid,H3.8,123,Found,01/01/1990,27.5,3.93333,(27.5; 3.93333)
Acfer 160,169,Valid,LL3.8-6,433,Found,01/01/1990,27.46667,3.71667,(27.46667; 3.71667)
Acfer 161,170,Valid,H5,604,Found,01/01/1990,27.75,4.43333,(27.75; 4.43333)
Acfer 162,171,Valid,H3-6,1281,Found,01/01/1990,27.66667,4.01667,(27.66667; 4.01667)
Acfer 163,172,Valid,H3.8-5,125,Found,01/01/1990,27.7,4.35,(27.7; 4.35)
Acfer 164,173,Valid,H5,43,Found,01/01/1990,27.53333,4.18333,(27.53333; 4.18333)
Acfer 165,174,Valid,H5-6,84,Found,01/01/1990,27.56667,4.33333,(27.56667; 4.33333)
Acfer 166,175,Valid,H3-5,2476,Found,01/01/1990,27.51667,4.23333,(27.51667; 4.23333)
Acfer 167,176,Valid,L5,157,Found,01/01/1990,27.51667,4,(27.51667; 4.0)
Dominion Range 03242,32594,Valid,H5,67.2,Found,01/01/2002,,,
Acfer 168,177,Valid,L6,211,Found,01/01/1990,27.6,3.98333,(27.6; 3.98333)
Acfer 169,178,Valid,H3.8/4,559,Found,01/01/1990,27.73333,4.11667,(27.73333; 4.11667)
Acfer 171,179,Valid,H3.7,313,Found,01/01/1990,27.65,4.25,(27.65; 4.25)
Acfer 172,180,Valid,L6,766,Found,01/01/1990,27.66667,4.16667,(27.66667; 4.16667)
Acfer 173,181,Valid,H6,262,Found,01/01/1990,27.65,4.03333,(27.65; 4.03333)
Acfer 174,182,Valid,LL6,127,Found,01/01/1990,27.48333,3.86667,(27.48333; 3.86667)
Acfer 175,183,Valid,LL5-6,153,Found,01/01/1990,27.48333,3.85,(27.48333; 3.85)
Acfer 176,184,Valid,LL5-6,320,Found,01/01/1990,27.48333,3.85,(27.48333; 3.85)
Acfer 177,185,Valid,LL5-6,721,Found,01/01/1990,27.48333,3.85,(27.48333; 3.85)
Acfer 178,186,Valid,H3.7,488,Found,01/01/1990,27.48333,3.75,(27.48333; 3.75)
Acfer 179,187,Valid,L6,163,Found,01/01/1990,27.46667,3.75,(27.46667; 3.75)
Acfer 180,188,Valid,H3.9-5,103,Found,01/01/1990,27.6,4.16667,(27.6; 4.16667)
Acfer 181,189,Valid,L6,245,Found,01/01/1990,27.66667,4.2,(27.66667; 4.2)
Acfer 182,190,Valid,CH3,166,Found,01/01/1990,27.7,4.35,(27.7; 4.35)
Acfer 183,191,Valid,H5,114,Found,01/01/1990,27.58333,4.16667,(27.58333; 4.16667)
Acfer 184,192,Valid,H5,311,Found,01/01/1990,27.56667,4.01667,(27.56667; 4.01667)
Acfer 185,193,Valid,LL5,109,Found,01/01/1990,27.53333,3.83333,(27.53333; 3.83333)
Acfer 186,194,Valid,CR2,315,Found,01/01/1990,27.46667,3.86667,(27.46667; 3.86667)
Acfer 187,195,Valid,CR2,234,Found,01/01/1990,27.46667,3.9,(27.46667; 3.9)
Acfer 188,196,Valid,H3.9/4,252,Found,01/01/1990,27.58333,4.11667,(27.58333; 4.11667)
Acfer 189,197,Valid,H6,53,Found,01/01/1990,27.6,4.18333,(27.6; 4.18333)
Acfer 190,198,Valid,L6,4439,Found,01/01/1990,27.7,4.3,(27.7; 4.3)
Acfer 191,199,Valid,L6,188,Found,01/01/1990,27.7,4.3,(27.7; 4.3)
Acfer 192,200,Valid,H3.9-5,219,Found,01/01/1990,27.65,4.2,(27.65; 4.2)
Acfer 193,201,Valid,LL4-6,157,Found,01/01/1990,27.56667,3.95,(27.56667; 3.95)
Acfer 194,202,Valid,H5,361,Found,01/01/1991,27.49944,3.68889,(27.49944; 3.68889)
Acfer 195,203,Valid,H6,233,Found,01/01/1991,27.52472,3.81139,(27.52472; 3.81139)
Acfer 196,204,Valid,H5,29,Found,01/01/1991,27.57694,4.03389,(27.57694; 4.03389)
Acfer 197,205,Valid,L6,115,Found,01/01/1991,27.55583,4.14,(27.55583; 4.14)
Acfer 198,206,Valid,H6,267,Found,01/01/1991,27.51694,3.79139,(27.51694; 3.79139)
Acfer 199,207,Valid,L4,215,Found,01/01/1991,27.48028,3.85139,(27.48028; 3.85139)
Acfer 200,208,Valid,H3-6,1301,Found,01/01/1991,27.50194,3.92111,(27.50194; 3.92111)
Acfer 201,209,Valid,L5,55,Found,01/01/1991,27.59222,3.91806,(27.59222; 3.91806)
Acfer 202,210,Valid,CO3.5,389,Found,01/01/1991,27.50889,4.60167,(27.50889; 4.60167)
Acfer 203,211,Valid,H5,292,Found,01/01/1991,27.57806,4.36917,(27.57806; 4.36917)
Acfer 204,212,Valid,H3,64,Found,01/01/1991,27.64639,3.98306,(27.64639; 3.98306)
Acfer 205,213,Valid,H5,746,Found,01/01/1991,27.7375,4.32806,(27.7375; 4.32806)
Acfer 206,214,Valid,H5,1229,Found,01/01/1991,27.69083,4.37861,(27.69083; 4.37861)
Acfer 207,215,Valid,CH3,105,Found,01/01/1991,27.68806,4.37194,(27.68806; 4.37194)
Acfer 208,216,Valid,LL5,510,Found,01/01/1991,27.50472,3.88194,(27.50472; 3.88194)
Acfer 209,217,Valid,CR2,475,Found,01/01/1991,27.50472,3.88194,(27.50472; 3.88194)
Acfer 210,218,Valid,H3.7,720,Found,01/01/1991,27.49722,3.87028,(27.49722; 3.87028)
Acfer 211,219,Valid,H3.9,1009,Found,01/01/1991,27.46472,3.78167,(27.46472; 3.78167)
Acfer 212,220,Valid,H5,1340,Found,01/01/1991,27.61278,3.71361,(27.61278; 3.71361)
Acfer 213,221,Valid,L6,526,Found,01/01/1991,27.68111,4.30694,(27.68111; 4.30694)
Acfer 214,222,Valid,CH3,612,Found,01/01/1991,27.69,4.37861,(27.69; 4.37861)
Acfer 215,223,Valid,L5,107,Found,01/01/1991,27.64028,4.17056,(27.64028; 4.17056)
Acfer 216,224,Valid,L6,293,Found,01/01/1991,27.59972,4.90361,(27.59972; 4.90361)
Acfer 217,225,Valid,R3.8-5,174,Found,01/01/1991,27.59444,3.88583,(27.59444; 3.88583)
Dominion Range 03243,32595,Valid,H5,136.9,Found,01/01/2002,,,
Acfer 218,226,Valid,L6,114,Found,01/01/1991,27.54472,3.74306,(27.54472; 3.74306)
Acfer 219,227,Valid,H6,2611,Found,01/01/1991,27.52139,3.79139,(27.52139; 3.79139)
Acfer 220,228,Valid,H5,117,Found,01/01/1991,27.52417,3.79694,(27.52417; 3.79694)
Acfer 221,229,Valid,H5/6,812,Found,01/01/1991,27.5325,3.81361,(27.5325; 3.81361)
Acfer 222,230,Valid,H5/6,334,Found,01/01/1991,27.54194,3.82778,(27.54194; 3.82778)
Acfer 223,231,Valid,L/LL6,1398,Found,01/01/1991,27.54194,3.82778,(27.54194; 3.82778)
Acfer 224,232,Valid,H5/6,85,Found,01/01/1991,27.63889,3.93444,(27.63889; 3.93444)
Acfer 225,233,Valid,H3,255,Found,01/01/1991,27.64528,3.94389,(27.64528; 3.94389)
Acfer 226,234,Valid,H5,221,Found,01/01/1991,27.68444,3.99389,(27.68444; 3.99389)
Acfer 227,235,Valid,H6,78,Found,01/01/1991,27.66861,4.425,(27.66861; 4.425)
Acfer 228,236,Valid,L5,2285,Found,01/01/1991,27.57389,4.11972,(27.57389; 4.11972)
Acfer 229,237,Valid,H5,325,Found,01/01/1991,27.82611,4.24611,(27.82611; 4.24611)
Acfer 230,238,Valid,H5,69,Found,01/01/1991,27.74056,4.30833,(27.74056; 4.30833)
Acfer 231,239,Valid,H4/5,218,Found,01/01/1991,27.73472,4.31611,(27.73472; 4.31611)
Acfer 232,240,Valid,H5,725,Found,01/01/1991,27.73944,4.32833,(27.73944; 4.32833)
Acfer 233,241,Valid,H5/6,242,Found,01/01/1991,27.71722,4.44806,(27.71722; 4.44806)
Acfer 234,242,Valid,Iron; IAB-ung,621,Found,01/01/1991,27.50111,4.09861,(27.50111; 4.09861)
Acfer 235,243,Valid,H5,461,Found,01/01/1991,27.51889,4.01667,(27.51889; 4.01667)
Acfer 236,244,Valid,LL6,81,Found,01/01/1991,27.51056,3.89111,(27.51056; 3.89111)
Acfer 237,245,Valid,H3,673,Found,01/01/1991,27.49167,3.83278,(27.49167; 3.83278)
Acfer 238,246,Valid,H4/5,311,Found,01/01/1991,27.50361,3.67306,(27.50361; 3.67306)
Acfer 239,247,Valid,H6,160,Found,01/01/1991,27.48444,3.66639,(27.48444; 3.66639)
Acfer 240,248,Valid,L6,342,Found,01/01/1991,27.49833,3.69444,(27.49833; 3.69444)
Acfer 241,249,Valid,L6,86,Found,01/01/1991,27.51583,3.72722,(27.51583; 3.72722)
Acfer 242,250,Valid,L6,318,Found,01/01/1991,27.52111,3.77333,(27.52111; 3.77333)
Acfer 244,252,Valid,H6,2045,Found,01/01/1991,27.52472,3.80972,(27.52472; 3.80972)
Acfer 245,253,Valid,H5,75,Found,01/01/1991,27.56389,3.92639,(27.56389; 3.92639)
Acfer 246,254,Valid,L6,923,Found,01/01/1991,27.69222,3.32167,(27.69222; 3.32167)
Acfer 247,255,Valid,L4,60,Found,01/01/1991,27.63611,4.03139,(27.63611; 4.03139)
Acfer 248,256,Valid,L3.9/4,402,Found,01/01/1991,27.63556,4.02528,(27.63556; 4.02528)
Acfer 249,257,Valid,H5/6,99,Found,01/01/1991,27.62167,3.95361,(27.62167; 3.95361)
Acfer 250,258,Valid,H6,382,Found,01/01/1991,27.55139,3.74194,(27.55139; 3.74194)
Acfer 251,259,Valid,LL5-6,202,Found,01/01/1991,27.50972,3.88056,(27.50972; 3.88056)
Acfer 252,260,Valid,L6,146,Found,01/01/1991,27.51111,3.88444,(27.51111; 3.88444)
Acfer 253,261,Valid,LL5-6,47,Found,01/01/1991,27.51361,3.89694,(27.51361; 3.89694)
Acfer 254,262,Valid,L6,99,Found,01/01/1991,27.52222,3.94694,(27.52222; 3.94694)
Acfer 255,263,Valid,L6,124,Found,01/01/1991,27.64611,4.39722,(27.64611; 4.39722)
Acfer 256,264,Valid,H5/6,235,Found,01/01/1991,27.64611,4.39722,(27.64611; 4.39722)
Acfer 257,265,Valid,H6,75,Found,01/01/1991,27.68528,4.50333,(27.68528; 4.50333)
Acfer 258,266,Valid,H6,212,Found,01/01/1991,27.67056,4.34611,(27.67056; 4.34611)
Acfer 259,267,Valid,H3-6,114,Found,01/01/1991,27.52444,3.87361,(27.52444; 3.87361)
Acfer 260,268,Valid,H5,177,Found,01/01/1991,27.47556,3.71028,(27.47556; 3.71028)
Acfer 261,269,Valid,L6,73,Found,01/01/1991,27.70917,4.42083,(27.70917; 4.42083)
Acfer 262,270,Valid,H4,92,Found,01/01/1991,27.67,4.49722,(27.67; 4.49722)
Acfer 263,271,Valid,L6,438,Found,01/01/1991,27.69111,4.3375,(27.69111; 4.3375)
Acfer 264,272,Valid,LL6,243,Found,01/01/1991,27.69472,4.30639,(27.69472; 4.30639)
Acfer 265,273,Valid,Mesosiderite,83,Found,01/01/1991,27.715,4.19278,(27.715; 4.19278)
Acfer 266,274,Valid,L6,518,Found,01/01/1991,27.72722,4.17056,(27.72722; 4.17056)
Acfer 267,275,Valid,LL5-6,229,Found,01/01/1991,27.51056,3.71306,(27.51056; 3.71306)
Acfer 268,276,Valid,LL4-6,764,Found,01/01/1991,27.51389,3.87528,(27.51389; 3.87528)
Acfer 269,277,Valid,LL6,276,Found,01/01/1991,27.51472,3.86556,(27.51472; 3.86556)
Acfer 270,278,Valid,CR2,298,Found,01/01/1991,27.51861,3.85722,(27.51861; 3.85722)
Acfer 271,279,Valid,H6,237,Found,01/01/1991,27.56111,4.05556,(27.56111; 4.05556)
Acfer 272,280,Valid,CV3,63,Found,01/01/1991,27.57028,4.075,(27.57028; 4.075)
Acfer 273,281,Valid,H5/6,2110,Found,01/01/1991,27.62194,4.45556,(27.62194; 4.45556)
Acfer 274,282,Valid,H6,203,Found,01/01/1991,27.63389,4.18722,(27.63389; 4.18722)
Acfer 275,283,Valid,H5-6,429,Found,01/01/1991,27.63361,4.17306,(27.63361; 4.17306)
Acfer 276,284,Valid,H5,99,Found,01/01/1991,27.63972,4.14528,(27.63972; 4.14528)
Acfer 277,285,Valid,Ureilite,41,Found,01/01/1991,27.63917,4.14278,(27.63917; 4.14278)
Acfer 278,286,Valid,H5,72,Found,01/01/1991,27.63861,4.12722,(27.63861; 4.12722)
Acfer 279,287,Valid,H5,96,Found,01/01/1991,27.64278,4.06889,(27.64278; 4.06889)
Acfer 280,288,Valid,L6,177,Found,01/01/1991,27.53528,3.91278,(27.53528; 3.91278)
Acfer 281,289,Valid,L5,165,Found,01/01/1991,27.54222,3.88444,(27.54222; 3.88444)
Acfer 282,290,Valid,H6,67,Found,01/01/1991,27.65444,4.27528,(27.65444; 4.27528)
Acfer 283,291,Valid,H5,187,Found,01/01/1991,27.70056,4.22944,(27.70056; 4.22944)
Acfer 284,292,Valid,H5,120,Found,01/01/1991,27.70611,4.20583,(27.70611; 4.20583)
Acfer 285,293,Valid,H4/5,69,Found,01/01/1991,27.63139,4.10722,(27.63139; 4.10722)
Acfer 286,294,Valid,H6,407,Found,01/01/1991,27.79472,4.16722,(27.79472; 4.16722)
Acfer 287,295,Valid,E4,59,Found,01/01/1992,27.61667,4.19056,(27.61667; 4.19056)
Acfer 288,296,Valid,L5,55,Found,01/01/1992,27.59139,3.98806,(27.59139; 3.98806)
Acfer 289,297,Valid,CR2,76,Found,01/01/1992,27.47417,3.86417,(27.47417; 3.86417)
Acfer 290,298,Valid,L6,213,Found,01/01/1992,27.54528,4.04861,(27.54528; 4.04861)
Acfer 291,299,Valid,H6,261,Found,01/01/1992,27.70806,4.24806,(27.70806; 4.24806)
Acfer 292,300,Valid,H5,432,Found,01/01/1992,27.71861,4.48611,(27.71861; 4.48611)
Acfer 293,301,Valid,LL6,198,Found,01/01/1992,27.66583,4.19056,(27.66583; 4.19056)
Acfer 294,302,Valid,H4,457,Found,01/01/1992,27.64972,4.01194,(27.64972; 4.01194)
Acfer 295,303,Valid,LL6,217,Found,01/01/1992,27.48333,3.91556,(27.48333; 3.91556)
Acfer 296,304,Valid,LL5-6,121,Found,01/01/1992,27.58278,4,(27.58278; 4.0)
Acfer 297,305,Valid,L6,43,Found,01/01/1992,27.63361,4.04139,(27.63361; 4.04139)
Acfer 298,306,Valid,L6,2000,Found,01/01/1992,27.70917,4.17444,(27.70917; 4.17444)
Acfer 299,307,Valid,LL4,180,Found,01/01/1992,27.6825,4.42028,(27.6825; 4.42028)
Acfer 300,308,Valid,H6,270,Found,01/01/1992,27.59028,4.15194,(27.59028; 4.15194)
Acfer 301,309,Valid,H4,162,Found,01/01/1992,27.52722,3.89806,(27.52722; 3.89806)
Acfer 302,310,Valid,H5,95,Found,01/01/1992,27.58694,3.96417,(27.58694; 3.96417)
Acfer 303,311,Valid,H5/6,83,Found,01/01/1992,27.60222,3.98528,(27.60222; 3.98528)
Acfer 304,312,Valid,H6,60,Found,01/01/1992,27.62361,4.02556,(27.62361; 4.02556)
Acfer 305,313,Valid,L6,369,Found,01/01/1992,27.68722,4.18361,(27.68722; 4.18361)
Acfer 306,314,Valid,L6,129,Found,01/01/1992,27.42889,3.82,(27.42889; 3.82)
Acfer 307,315,Valid,L5,520,Found,01/01/1992,27.49083,3.89778,(27.49083; 3.89778)
Acfer 308,316,Valid,H5,74,Found,01/01/1992,27.55972,4.01028,(27.55972; 4.01028)
Acfer 309,317,Valid,L6,185,Found,01/01/1992,27.64556,4.20444,(27.64556; 4.20444)
Acfer 310,318,Valid,H6,169,Found,01/01/1992,27.68361,4.25306,(27.68361; 4.25306)
Acfer 311,319,Valid,CR2,120,Found,01/01/1992,27.50806,3.84417,(27.50806; 3.84417)
Acfer 312,320,Valid,L5,364,Found,01/01/1992,27.57861,3.96889,(27.57861; 3.96889)
Acfer 313,321,Valid,H5,78,Found,01/01/1992,27.60056,3.99556,(27.60056; 3.99556)
Acfer 314,322,Valid,H6,169,Found,01/01/1992,27.66389,4.09806,(27.66389; 4.09806)
Acfer 315,323,Valid,L/LL6,506,Found,01/01/1992,27.69972,4.18611,(27.69972; 4.18611)
Acfer 316,324,Valid,H6,126,Found,01/01/1992,27.6875,4.245,(27.6875; 4.245)
Dominion Range 03244,32596,Valid,LL5,91.3,Found,01/01/2002,,,
Acfer 317,325,Valid,H5,878,Found,01/01/1992,27.59278,4.40139,(27.59278; 4.40139)
Acfer 318,326,Valid,H5,292,Found,01/01/1992,27.55028,3.99806,(27.55028; 3.99806)
Acfer 319,327,Valid,L6,2393,Found,01/01/1992,27.55194,3.81611,(27.55194; 3.81611)
Acfer 320,328,Valid,H5,167,Found,01/01/1992,27.46056,3.88806,(27.46056; 3.88806)
Acfer 321,329,Valid,H5,157,Found,01/01/2001,27.5455,4.06117,(27.5455; 4.06117)
Acfer 322,330,Valid,L5,25,Found,01/01/2001,27.55917,4.093,(27.55917; 4.093)
Acfer 323,331,Valid,LL5,117,Found,01/01/2001,27.503,3.8795,(27.503; 3.8795)
Acfer 324,30428,Valid,CR2,69,Found,01/01/2001,27.50083,3.86983,(27.50083; 3.86983)
Acfer 325,332,Valid,LL6,32,Found,01/01/1989,27.5,3.61667,(27.5; 3.61667)
Acfer 326,333,Valid,L6,139,Found,01/01/1989,27.5,3.61667,(27.5; 3.61667)
Acfer 327,334,Valid,H5,745.22,Found,01/01/2001,27.73333,4.43333,(27.73333; 4.43333)
Acfer 328,335,Valid,CV3,180.07,Found,01/01/2001,27.73333,4.21667,(27.73333; 4.21667)
Acfer 329,336,Valid,L4/5,30000,Found,01/01/2001,27.58333,4.1,(27.58333; 4.1)
Acfer 330,337,Valid,L6,490,Found,01/01/2001,27.65,4.03333,(27.65; 4.03333)
Acfer 331,338,Valid,CM2,750,Found,01/01/2001,27.58333,4.01667,(27.58333; 4.01667)
Acfer 332,339,Valid,CO3,115.02,Found,01/01/2001,27.73333,4.13333,(27.73333; 4.13333)
Acfer 333,340,Valid,CO3,489,Found,01/01/2001,27.56667,4.06667,(27.56667; 4.06667)
Acfer 334,341,Valid,L6,211.25,Found,01/01/2002,27.65,4.38333,(27.65; 4.38333)
Acfer 335,342,Valid,H4,261,Found,01/01/2002,27.73333,4.43333,(27.73333; 4.43333)
Acfer 336,343,Valid,L3.8,19400,Found,01/01/2002,27.61667,4.06667,(27.61667; 4.06667)
Acfer 337,344,Valid,L3.8,360,Found,01/01/2002,27.68333,4.26667,(27.68333; 4.26667)
Acfer 338,345,Valid,H6,377.6,Found,01/01/2002,27.71667,4.26667,(27.71667; 4.26667)
Acfer 339,346,Valid,H5,400,Found,01/01/2002,27.55,4.2,(27.55; 4.2)
Acfer 340,347,Valid,L5,173.15,Found,01/01/2002,27.58333,4.3,(27.58333; 4.3)
Acfer 341,32781,Valid,L3,132,Found,01/01/2002,27.46667,3.83333,(27.46667; 3.83333)
Acfer 342,348,Valid,L6,1276,Found,01/01/2002,27.59056,4.66278,(27.59056; 4.66278)
Acfer 343,349,Valid,H3-5,140,Found,01/01/2002,27.619722,4.265,(27.619722; 4.265)
Acfer 344,350,Valid,H3,410,Found,01/01/2002,27.73333,4.19833,(27.73333; 4.19833)
Acfer 345,351,Valid,LL5,53,Found,01/01/2002,27.46472,3.81417,(27.46472; 3.81417)
Acfer 346,352,Valid,LL6,546,Found,01/01/2002,27.59056,4.66278,(27.59056; 4.66278)
Acfer 347,353,Valid,L3,1165,Found,01/01/2001,27.68333,4.3,(27.68333; 4.3)
Acfer 348,354,Valid,L5,8750,Found,01/01/2001,27.97933,4.27817,(27.97933; 4.27817)
Acfer 349,355,Valid,H6,298,Found,01/01/2001,27.84067,4.31433,(27.84067; 4.31433)
Acfer 350,356,Valid,H4,128,Found,01/01/2001,27.672,4.52633,(27.672; 4.52633)
Acfer 351,357,Valid,L6,211,Found,01/01/2001,27.7,4.13333,(27.7; 4.13333)
Acfer 352,358,Valid,L5,873,Found,01/01/2001,27.76667,4.01667,(27.76667; 4.01667)
Acfer 353,359,Valid,Eucrite-cm,11935,Found,01/01/2001,27.48917,3.89,(27.48917; 3.89)
Acfer 354,360,Valid,LL5,252,Found,01/01/2001,27.5005,3.88233,(27.5005; 3.88233)
Acfer 355,361,Valid,LL5,161,Found,01/01/2002,27.58967,3.781,(27.58967; 3.781)
Acfer 356,362,Valid,EL6,120,Found,01/01/2002,27.61233,4.5285,(27.61233; 4.5285)
Acfer 357,363,Valid,LL5,62,Found,01/01/2001,27.50083,4.87467,(27.50083; 4.87467)
Acfer 358,364,Valid,H6,70,Found,01/01/2002,27.76667,4.41667,(27.76667; 4.41667)
Acfer 359,365,Valid,H6,67,Found,01/01/2002,27.7,4.48333,(27.7; 4.48333)
Acfer 360,30430,Valid,Ureilite,68,Found,01/01/2002,27.48333,3.76667,(27.48333; 3.76667)
Acfer 361,366,Valid,H4,138,Found,01/01/2002,27.42958,3.87135,(27.42958; 3.87135)
Acfer 362,367,Valid,H5,242.8,Found,01/01/2002,27.4778,3.70165,(27.4778; 3.70165)
Acfer 363,368,Valid,LL4,389.9,Found,01/01/2002,27.58163,4.29388,(27.58163; 4.29388)
Acfer 364,30431,Valid,LL6,656,Found,01/01/2002,27.7,4.51667,(27.7; 4.51667)
Acfer 365,30432,Valid,L5,1456,Found,01/01/2002,27.60933,3.93567,(27.60933; 3.93567)
Acfer 366,32782,Valid,CH3,1456,Found,01/01/2002,26.60933,3.93567,(26.60933; 3.93567)
Acfer 367,30433,Valid,H5,410,Found,01/01/2002,27.68433,4.42917,(27.68433; 4.42917)
Acfer 368,30434,Valid,H4,126,Found,01/01/2002,27.68883,4.386,(27.68883; 4.386)
Acfer 369,30435,Valid,H4,122,Found,01/01/2002,27.667,4.64833,(27.667; 4.64833)
Acfer 370,32783,Valid,Chondrite-ung,129,Found,01/01/2002,27.6725,4.35667,(27.6725; 4.35667)
Acfer 371,34017,Valid,L5,9608,Found,01/01/2002,27.67817,4.46533,(27.67817; 4.46533)
Acfer 372,30436,Valid,LL6,238,Found,01/01/2002,26.61167,3.887,(26.61167; 3.887)
Acfer 373,30437,Valid,H5,128,Found,01/01/2002,26.62583,3.94433,(26.62583; 3.94433)
Acfer 374,32784,Valid,CO3,118,Found,01/01/2002,26.60867,4.053,(26.60867; 4.053)
Acfer 375,30438,Valid,LL6,495,Found,01/01/2002,27.5085,3.76383,(27.5085; 3.76383)
Acfer 376,30439,Valid,H6,132,Found,01/01/2002,27.6395,3.935,(27.6395; 3.935)
Acfer 377,30440,Valid,L4,132,Found,01/01/2002,27.6625,3.97683,(27.6625; 3.97683)
Acfer 378,35480,Valid,LL6,1320,Found,01/01/2003,27.4,3.75,(27.4; 3.75)
Acfer 379,35338,Valid,H4,14764,Found,01/01/2004,27.4114,3.70467,(27.4114; 3.70467)
Acfer 380,35481,Valid,H5,849,Found,01/01/2002,27.76667,4.41667,(27.76667; 4.41667)
Acfer 381,35482,Valid,L6,292,Found,01/01/2002,27.7,4.45,(27.7; 4.45)
Acfer 382,35483,Valid,H5,101,Found,01/01/2002,27.63333,3.93333,(27.63333; 3.93333)
Acfer 386,44851,Valid,L5,200,Found,01/01/2004,27.36017,3.7,(27.36017; 3.7)
Acfer 387,44852,Valid,H4-6,177,Found,01/01/2004,27.558,4.015,(27.558; 4.015)
Acfer 388,44853,Valid,H4,1072,Found,01/01/2004,27.61667,3.86667,(27.61667; 3.86667)
Acfer 389,44854,Valid,H5,397,Found,01/01/2004,27.504,3.68167,(27.504; 3.68167)
Acfer 390,44855,Valid,H4,578,Found,01/01/2004,27.5025,3.693,(27.5025; 3.693)
Acfer 391,53622,Valid,H4,388,Found,01/01/2004,27.59617,4.172,(27.59617; 4.172)
Acfer 392,54591,Valid,H~5,74,Found,01/01/1997,27.51667,3.86667,(27.51667; 3.86667)
Acfer 393,54592,Valid,H~6,74,Found,01/01/1997,27.58333,4.03333,(27.58333; 4.03333)
Acfer 394,53886,Valid,CR2,364,Found,01/01/2001,27.51867,3.88033,(27.51867; 3.88033)
Acfer 395,53887,Valid,CR2,394,Found,01/01/2001,27.50917,3.88767,(27.50917; 3.88767)
Acfer 396,53888,Valid,CR2,148,Found,01/01/2001,27.512,3.89783,(27.512; 3.89783)
Acfer 397,53889,Valid,CR2,105,Found,01/01/2001,27.509,3.89583,(27.509; 3.89583)
Acfer 398,55262,Valid,CR2,97,Found,01/01/2001,27.50217,3.86083,(27.50217; 3.86083)
Acfer 399,55263,Valid,CR2,89,Found,01/01/2001,27.50267,3.8725,(27.50267; 3.8725)
Acfer 400,55264,Valid,CR2,101,Found,01/01/2001,27.50083,3.86617,(27.50083; 3.86617)
Acfer 401,56305,Valid,L5,9,Found,01/01/2002,27.68917,4.44267,(27.68917; 4.44267)
Achilles,369,Valid,H5,16000,Found,01/01/1924,39.77667,-100.81333,(39.77667; -100.81333)
Ackerly,55379,Valid,L5,3046,Found,01/01/1995,32.59033,-101.77217,(32.59033; -101.77217)
Acme,371,Valid,H5,75000,Found,01/01/1947,33.63333,-104.26667,(33.63333; -104.26667)
Acomita,372,Valid,Pallasite; PMG,3956,Found,01/01/1962,35.05,-107.56667,(35.05; -107.56667)
AcuÃ±a,373,Valid,Iron; IIIAB,217700,Found,01/01/1981,29.31667,-100.96667,(29.31667; -100.96667)
Adalia,374,Valid,Eucrite-mmict,1,Found,01/01/1883,36.9,30.68333,(36.9; 30.68333)
Adam Talha,44856,Valid,LL3.2,259.3,Found,01/01/2005,22.9935,-10.15367,(22.9935; -10.15367)
Adams County,375,Valid,H5,5700,Found,01/01/1928,39.96667,-103.76667,(39.96667; -103.76667)
ad-Dahbubah,376,Valid,H5,90000,Found,01/01/1961,19.83333,51.25,(19.83333; 51.25)
Adelaide,377,Valid,C2-ung,2031,Found,01/01/1972,,,
Adelie Land,378,Valid,L5,1000,Found,01/01/1912,-67.18333,142.38333,(-67.18333; 142.38333)
Admire,380,Valid,Pallasite; PMG,180000,Found,01/01/1881,38.7,-96.1,(38.7; -96.1)
Adrar 001,381,Valid,H4/5,1917,Found,01/01/1990,28.05,0.16667,(28.05; 0.16667)
Adrar 002,382,Valid,L5,407,Found,01/01/1990,27.81667,0.13333,(27.81667; 0.13333)
Adrar 003,383,Valid,L/LL3.10,287,Found,01/01/1990,27.13333,0.2,(27.13333; 0.2)
Adrar Bous,384,Valid,EL5,360,Found,01/01/2001,20.5,9,(20.5; 9.0)
Adrar Chiriet,44703,Valid,L6,926,Found,01/01/2003,19.64008,9.35545,(19.64008; 9.35545)
Adrar Madet,385,Valid,H5/6,1113,Found,01/01/1997,18.5,10.4,(18.5; 10.4)
Adrar Madet 002,386,Valid,LL3,2200,Found,01/01/2002,18.61042,10.4941,(18.61042; 10.4941)
Adrar Yaouelt,387,Valid,H5,2730,Found,01/01/2002,17.67987,10.03503,(17.67987; 10.03503)
Adrian,388,Valid,H4,22600,Found,01/01/1936,35.15,-102.71667,(35.15; -102.71667)
Adzhi-Bogdo (iron),389,Valid,Iron; IAB complex,582000,Found,01/01/1952,44.86667,95.41667,(44.86667; 95.41667)
Aggie Creek,393,Valid,Iron; IIIAB,43000,Found,01/01/1942,64.88333,-163.16667,(64.88333; -163.16667)
Agoudal,57354,Valid,Iron; IIAB,100000,Found,01/01/2000,31.98457,-5.51528,(31.98457; -5.51528)
Agoult,395,Valid,Eucrite,82,Found,01/01/2000,30.55,-4.9,(30.55; -4.9)
Agua Blanca,397,Valid,Iron; IIIAB,49000,Found,01/01/1938,-28.91667,-66.95,(-28.91667; -66.95)
Aguas Calientes,399,Valid,H,260.1,Found,01/01/1971,-25.5,-68.4,(-25.5; -68.4)
Aguemour 001,400,Valid,H5,896,Found,01/01/1990,26.96667,4.45,(26.96667; 4.45)
Aguemour 002,401,Valid,L6,236,Found,01/01/1990,26.96667,4.4,(26.96667; 4.4)
Aguemour 003,402,Valid,L6,809,Found,01/01/1990,27.36667,4.5,(27.36667; 4.5)
Aguemour 004,403,Valid,H5,1137,Found,01/01/1990,27.33333,4.5,(27.33333; 4.5)
Aguemour 005,404,Valid,H5,859,Found,01/01/1991,27.43583,4.63861,(27.43583; 4.63861)
Aguemour 006,405,Valid,L6,435,Found,01/01/1992,27.57639,4.52528,(27.57639; 4.52528)
Aguemour 007,406,Valid,H4,334,Found,01/01/1992,27.50778,4.60167,(27.50778; 4.60167)
Aguemour 008,407,Valid,L4,79,Found,01/01/1992,27.47889,4.19806,(27.47889; 4.19806)
Aguemour 009,408,Valid,L3.8,1446,Found,01/01/1992,27.42861,4.12417,(27.42861; 4.12417)
Aguemour 010,409,Valid,H5,367,Found,01/01/1993,27.36056,4.94472,(27.36056; 4.94472)
Aguemour 011,410,Valid,H4,207,Found,01/01/1993,27.35028,4.2025,(27.35028; 4.2025)
Aguemour 012,411,Valid,H5,347,Found,01/01/1993,27.5175,4.19111,(27.5175; 4.19111)
Aguemour 013,412,Valid,L5,364,Found,01/01/1993,27.56972,4.52556,(27.56972; 4.52556)
Aguemour 014,413,Valid,L5,167,Found,01/01/1993,27.57806,4.3225,(27.57806; 4.3225)
Aguemour 015,414,Valid,L4,1106,Found,01/01/1993,27.50972,4.16111,(27.50972; 4.16111)
Aguemour 016,415,Valid,L5,177,Found,01/01/1993,27.59167,4.31694,(27.59167; 4.31694)
Aguemour 017,416,Valid,L6,1000,Found,01/01/2001,27.4,4.35,(27.4; 4.35)
Ahumada,419,Valid,Pallasite; PMG,52600,Found,01/01/1909,30.7,-105.5,(30.7; -105.5)
Aiken,421,Valid,OC,956,Found,01/01/1936,34.2,-101.5,(34.2; -101.5)
Ainsworth,422,Valid,Iron; IIAB,80650,Found,01/01/1907,42.6,-99.8,(42.6; -99.8)
Akhricha,428,Valid,H,1760,Found,01/01/1968,28.4625,1.025,(28.4625; 1.025)
Akmolla,429,Valid,H4,114,Found,01/01/1988,39.53833,59.55833,(39.53833; 59.55833)
Akron (1940),430,Valid,H6,1050,Found,01/01/1940,40.15,-103.16667,(40.15; -103.16667)
Akron (1961),431,Valid,L6,4000,Found,01/01/1961,40.15,-103.16667,(40.15; -103.16667)
Al Alamayn,35484,Valid,H5,13.31,Found,01/01/2005,30.70952,28.9698,(30.70952; 28.9698)
Al Haggounia 001,44857,Valid,Aubrite,3000000,Found,01/01/2006,27.5,-12.5,(27.5; -12.5)
Al Huqf 001,434,Valid,L4,41.5,Found,01/01/2000,19.42,57.18833,(19.42; 57.18833)
Al Huqf 002,435,Valid,H5,81.4,Found,01/01/2000,19.27167,57.38667,(19.27167; 57.38667)
Al Huqf 003,436,Valid,L4,115.42,Found,01/01/2002,19.50695,57.11952,(19.50695; 57.11952)
Al Huqf 004,437,Valid,L5,260.22,Found,01/01/2002,19.54482,57.09807,(19.54482; 57.09807)
Al Huqf 005,438,Valid,L6,763.29,Found,01/01/2002,19.84057,57.00848,(19.84057; 57.00848)
Al Huqf 006,439,Valid,L6,1861.21,Found,01/01/2002,19.84067,57.00842,(19.84067; 57.00842)
Al Huqf 007,440,Valid,L5,1042.7,Found,01/01/2002,19.84128,57.00953,(19.84128; 57.00953)
Al Huqf 008,441,Valid,L6,1074.3,Found,01/01/2002,19.84203,57.00747,(19.84203; 57.00747)
Al Huqf 009,442,Valid,H4,39.83,Found,01/01/2002,19.8423,57.00013,(19.8423; 57.00013)
Al Huqf 010,443,Valid,L6,41539.3,Found,01/01/2002,19.86785,57.0028,(19.86785; 57.0028)
Al Huqf 011,444,Valid,L6,8056,Found,01/01/2002,19.86607,57.0032,(19.86607; 57.0032)
Al Huqf 012,445,Valid,L6,402.75,Found,01/01/2003,19.80252,57.32137,(19.80252; 57.32137)
Al Huqf 050,35485,Valid,H4,1066.2,Found,01/01/2002,19.60308,57.03332,(19.60308; 57.03332)
Al Huqf 051,35486,Valid,L6,402.75,Found,01/01/2003,19.80252,57.32137,(19.80252; 57.32137)
Al Huqf 052,45822,Valid,H~5,1319.4,Found,01/01/2001,19.65675,57.0433,(19.65675; 57.0433)
Al Huqf 053,45823,Valid,H~5,854.7,Found,01/01/2001,19.61287,57.27038,(19.61287; 57.27038)
Al Huqf 054,45824,Valid,L~6,2936.5,Found,01/01/2001,19.61612,57.2698,(19.61612; 57.2698)
Al Huqf 055,45825,Valid,H4,1865.6,Found,01/01/2001,19.64073,57.28857,(19.64073; 57.28857)
Al Huqf 056,45826,Valid,H5,124,Found,01/01/2001,19.66453,57.3334,(19.66453; 57.3334)
Al Huqf 057,45827,Valid,H5,105.3,Found,01/01/2001,19.53112,57.08427,(19.53112; 57.08427)
Al Huqf 058,45828,Valid,L~6,97.7,Found,01/01/2001,19.3421,57.1693,(19.3421; 57.1693)
Al Huqf 059,45829,Valid,L~3,362.7,Found,01/01/2001,19.31468,57.27343,(19.31468; 57.27343)
Al Huqf 060,45830,Valid,L~6,913.1,Found,01/01/2001,19.40518,57.26818,(19.40518; 57.26818)
Al Huqf 062,45831,Valid,H~4,50.7,Found,01/01/2001,19.40772,57.29878,(19.40772; 57.29878)
Al Huqf 063,45832,Valid,L6,591.8,Found,01/01/2006,19.44533,57.02345,(19.44533; 57.02345)
Al Huqf 064,48536,Valid,H4,12834,Found,01/01/2002,19.40412,57.27497,(19.40412; 57.27497)
Al Huqf 065,48537,Valid,L6,2084.16,Found,01/01/2007,19.32092,57.22977,(19.32092; 57.22977)
Al Huqf 066,48538,Valid,L4,150.057,Found,01/01/2007,19.51053,57.1292,(19.51053; 57.1292)
Al Huqf 067,51921,Valid,H4,61.6,Found,01/01/2009,19.22597,57.54063,(19.22597; 57.54063)
Al Huqf 068,51922,Valid,L3,165.4,Found,01/01/2009,19.14025,57.58427,(19.14025; 57.58427)
Al Huqf 069,51923,Valid,H4/5,250.5,Found,01/01/2009,19.26795,57.13412,(19.26795; 57.13412)
Al Huqf 070,51937,Valid,L4,2632.8,Found,01/01/2009,19.18798,57.10978,(19.18798; 57.10978)
Al Huwaysah 001,55403,Valid,LL6,3150.5,Found,01/01/2009,22.80487,55.32742,(22.80487; 55.32742)
Al Huwaysah 002,55404,Valid,LL6,690.5,Found,01/01/2009,22.79853,55.31673,(22.79853; 55.31673)
Al Huwaysah 003,55405,Valid,L4-6,273.05,Found,01/01/2010,22.74862,55.37323,(22.74862; 55.37323)
Al Huwaysah 004,55406,Valid,H5,141.51,Found,01/01/2010,22.74733,55.39522,(22.74733; 55.39522)
Al Huwaysah 005,55636,Valid,L(LL)3.5-3.7,1228.1,Found,01/01/2010,22.73342,55.33122,(22.73342; 55.33122)
Al Huwaysah 006,55407,Valid,L6,16.41,Found,01/01/2010,22.73743,55.3191,(22.73743; 55.3191)
Al Huwaysah 007,55408,Valid,L6,1.56,Found,01/01/2010,22.73393,55.3204,(22.73393; 55.3204)
Al Huwaysah 008,55409,Valid,H4,356.2,Found,01/01/2010,22.73797,55.32125,(22.73797; 55.32125)
Al Huwaysah 009,55410,Valid,H6,3407.8,Found,01/01/2010,22.75747,55.41402,(22.75747; 55.41402)
Al Huwaysah 010,55637,Valid,Achondrite-ung,1411.8,Found,01/01/2010,22.74868,55.47218,(22.74868; 55.47218)
Al Huwaysah 011,55411,Valid,L4-5,112.76,Found,01/01/2010,22.75978,55.3908,(22.75978; 55.3908)
Al Huwaysah 012,55412,Valid,H5,4694.9,Found,01/01/2010,22.67752,55.34027,(22.67752; 55.34027)
Al Huwaysah 013,56408,Valid,H6,55.51,Found,01/01/2010,22.68423,55.33652,(22.68423; 55.33652)
Al Huwaysah 014,55413,Valid,H6,45.52,Found,01/01/2010,22.68598,55.32092,(22.68598; 55.32092)
Al Huwaysah 015,56409,Valid,H6,35.3,Found,01/01/2010,22.68922,55.32087,(22.68922; 55.32087)
Al Huwaysah 016,55414,Valid,H5,1330.9,Found,01/01/2010,22.69813,55.3336,(22.69813; 55.3336)
Al Huwaysah 017,55415,Valid,L6,439.58,Found,01/01/2010,22.73852,55.36247,(22.73852; 55.36247)
Alaer 001,49713,Valid,LL5,1.7,Found,01/01/2007,40.33333,81.25,(40.33333; 81.25)
Alaer 002,49714,Valid,LL5,1.1,Found,01/01/2007,40.33333,81.25,(40.33333; 81.25)
Alamogordo,449,Valid,H5,13600,Found,01/01/1938,32.9,-105.93333,(32.9; -105.93333)
Alamosa,450,Valid,L6,1800,Found,01/01/1937,37.46667,-105.86667,(37.46667; -105.86667)
Alatage,452,Valid,Iron; IIIAB,37500,Found,01/01/1959,42.33333,93,(42.33333; 93.0)
Albin (pallasite),455,Valid,Pallasite; PMG,37600,Found,01/01/1915,41.5,-104.1,(41.5; -104.1)
Albin (stone),456,Valid,L,15400,Found,01/01/1949,41.41667,-104.1,(41.41667; -104.1)
Albion,457,Valid,Iron; IVA,12280,Found,01/01/1966,46.83333,-117.25,(46.83333; -117.25)
Aldama (a),459,Valid,Iron; IIIAB,11000,Found,01/01/1985,28.83333,-105.86667,(28.83333; -105.86667)
Aldama (b),460,Valid,H5,66.5,Found,01/01/1996,25.05,-106,(25.05; -106.0)
Alexander County,464,Valid,Iron; IAB complex,192,Found,01/01/1875,35.75,-81.25,(35.75; -81.25)
Algarrobo,467,Valid,Iron; IAB-ung,1280,Found,01/01/1959,-27.08333,-70.58333,(-27.08333; -70.58333)
al-Ghanim (iron),468,Valid,Iron; IIIAB,500,Found,01/01/1960,19.83333,54.08333,(19.83333; 54.08333)
al-Ghanim (stone),469,Valid,L6,3755,Found,01/01/1960,19.7,53.96667,(19.7; 53.96667)
Algoma,470,Valid,Iron; IAB-sHL,4100,Found,01/01/1887,44.65,-87.46667,(44.65; -87.46667)
Alikatnima,471,Valid,Iron; ungrouped,20000,Found,01/01/1931,-23.33333,134.11667,(-23.33333; 134.11667)
Aliskerovo,472,Valid,Iron; IIIE-an,58400,Found,01/01/1977,67.88333,167.5,(67.88333; 167.5)
al-Jimshan,473,Valid,H4,11450,Found,01/01/1955,20.7,52.83333,(20.7; 52.83333)
Alkali,474,Valid,H6,30.47,Found,01/01/1998,37.86667,-117.4,(37.86667; -117.4)
Alkali Flat,55662,Valid,L5,28,Found,01/01/2011,32.306,-108.9038,(32.306; -108.9038)
Alkhamasin,475,Valid,Iron; IIAB,1200000,Found,01/01/1973,20.6,44.88333,(20.6; 44.88333)
Allan Hills 03541,35731,Valid,H5,1053.5,Found,01/01/2003,,,
Allan Hills 03542,35732,Valid,L6,20.4,Found,01/01/2003,,,
Allan Hills 06001,44858,Valid,H5,128.1,Found,01/01/2006,-76.71695,158.76862,(-76.71695; 158.76862)
Allan Hills 06002,44859,Valid,H~5,119.2,Found,01/01/2006,-76.74253,158.84305,(-76.74253; 158.84305)
Allan Hills 06003,44860,Valid,H~5,25,Found,01/01/2006,-76.71128,158.79283,(-76.71128; 158.79283)
Allan Hills 06004,44861,Valid,H~5,61.7,Found,01/01/2006,-76.70522,158.77838,(-76.70522; 158.77838)
Allan Hills 06005,44862,Valid,H~5,6,Found,01/01/2006,-76.70522,158.77838,(-76.70522; 158.77838)
Allan Hills 06006,44863,Valid,H~5,280.9,Found,01/01/2006,-76.70558,158.77587,(-76.70558; 158.77587)
Allan Hills 06007,44864,Valid,H5,226.3,Found,01/01/2006,-76.70552,158.77583,(-76.70552; 158.77583)
Allan Hills 06008,44865,Valid,H~5,120,Found,01/01/2006,-76.70552,158.77485,(-76.70552; 158.77485)
Allan Hills 06009,44866,Valid,H~5,28.6,Found,01/01/2006,-76.71215,158.77527,(-76.71215; 158.77527)
Allan Hills 06010,44867,Valid,H~5,1.08,Found,01/01/2006,-76.71263,158.77862,(-76.71263; 158.77862)
Allan Hills 06011,44868,Valid,H~5,24.3,Found,01/01/2006,-76.71255,158.7786,(-76.71255; 158.7786)
Allan Hills 06012,44869,Valid,H5,91,Found,01/01/2006,-76.71733,158.77398,(-76.71733; 158.77398)
Allan Hills 09001,55346,Valid,L5/6,0.5,Found,01/01/2009,-76.74403,159.37238,(-76.74403; 159.37238)
Allan Hills 09002,55347,Valid,L6,71.6,Found,01/01/2009,-76.74245,159.37458,(-76.74245; 159.37458)
Allan Hills 09003,55348,Valid,L6,15.5,Found,01/01/2009,-76.74245,159.37458,(-76.74245; 159.37458)
Allan Hills 09004,52119,Valid,Howardite,221.7,Found,01/01/2009,0,0,(0.0; 0.0)
Allan Hills 09005,55797,Valid,L5,122.3,Found,01/01/2009,0,0,(0.0; 0.0)
Allan Hills 09006,55798,Valid,H5,104.3,Found,01/01/2009,0,0,(0.0; 0.0)
Allan Hills 09008,55799,Valid,H5,31.3,Found,01/01/2009,0,0,(0.0; 0.0)
Allan Hills 09009,55800,Valid,L6,24.8,Found,01/01/2009,0,0,(0.0; 0.0)
Allan Hills 09010,55801,Valid,L3.4,2.6,Found,01/01/2009,0,0,(0.0; 0.0)
Allan Hills 09011,55802,Valid,LL6,14.2,Found,01/01/2009,0,0,(0.0; 0.0)
Allan Hills 09012,55794,Valid,L6,18.1,Found,01/01/2009,0,0,(0.0; 0.0)
Allan Hills 09013,55795,Valid,L6,25.5,Found,01/01/2009,0,0,(0.0; 0.0)
Allan Hills 09014,55796,Valid,L5,30.2,Found,01/01/2009,0,0,(0.0; 0.0)
Allan Hills 10910,56771,Valid,L5,444.1,Found,01/01/2010,0,0,(0.0; 0.0)
Allan Hills 10911,56772,Valid,L6,218.9,Found,01/01/2010,0,0,(0.0; 0.0)
Allan Hills 10912,56773,Valid,H6,60.3,Found,01/01/2010,0,0,(0.0; 0.0)
Allan Hills 82100,476,Valid,CM2,24.3,Found,01/01/1982,-76.97691,156.93841,(-76.97691; 156.93841)
Allan Hills 82101,477,Valid,CO3.4,29.1,Found,01/01/1982,-76.88426,156.93086,(-76.88426; 156.93086)
Allan Hills 82102,478,Valid,H5,48.1,Found,01/01/1982,-77.04666,157.24407,(-77.04666; 157.24407)
Allan Hills 82103,479,Valid,H5,2529.2,Found,01/01/1982,-76.89661,156.99137,(-76.89661; 156.99137)
Allan Hills 82104,480,Valid,L5,398.8,Found,01/01/1982,-77.05074,157.19834,(-77.05074; 157.19834)
Allan Hills 82105,481,Valid,L6,363.3,Found,01/01/1982,-77.04867,157.18333,(-77.04867; 157.18333)
Allan Hills 82106,482,Valid,Ureilite,35.1,Found,01/01/1982,-77.03788,157.2516,(-77.03788; 157.2516)
Allan Hills 82107,483,Valid,L5,9.2,Found,01/01/1982,-76.97697,156.91541,(-76.97697; 156.91541)
Allan Hills 82108,484,Valid,H5,13.5,Found,01/01/1982,-76.96353,156.9203,(-76.96353; 156.9203)
Allan Hills 82109,485,Valid,H5,47.2,Found,01/01/1982,-77.02778,157.03028,(-77.02778; 157.03028)
Allan Hills 82110,486,Valid,H3.6,39.3,Found,01/01/1982,-77.03342,157.25235,(-77.03342; 157.25235)
Allan Hills 82111,487,Valid,L6,63,Found,01/01/1982,-76.91278,156.97551,(-76.91278; 156.97551)
Allan Hills 82112,488,Valid,H5,28.3,Found,01/01/1982,-76.96674,156.91777,(-76.96674; 156.91777)
Allan Hills 82113,489,Valid,H6,61.2,Found,01/01/1982,-76.97126,156.90291,(-76.97126; 156.90291)
Allan Hills 82114,490,Valid,H5,40.7,Found,01/01/1982,-77.03648,157.23968,(-77.03648; 157.23968)
Allan Hills 82115,491,Valid,H5,48.5,Found,01/01/1982,-76.97442,156.90877,(-76.97442; 156.90877)
Allan Hills 82116,492,Valid,H6,18.4,Found,01/01/1982,-77.03694,157.04639,(-77.03694; 157.04639)
Allan Hills 82117,493,Valid,L5,4.2,Found,01/01/1982,-77.04025,157.2305,(-77.04025; 157.2305)
Allan Hills 82118,494,Valid,L6,110.9,Found,01/01/1982,-77.04408,157.2676,(-77.04408; 157.2676)
Allan Hills 82119,495,Valid,H5,23.9,Found,01/01/1982,-76.9791,156.92267,(-76.9791; 156.92267)
Allan Hills 82120,496,Valid,H5,7.2,Found,01/01/1982,-76.90581,157.00988,(-76.90581; 157.00988)
Allan Hills 82121,497,Valid,L6,2.4,Found,01/01/1982,-77.03722,157.23658,(-77.03722; 157.23658)
Allan Hills 82122,498,Valid,H5,142,Found,01/01/1982,-76.98507,156.90009,(-76.98507; 156.90009)
Allan Hills 82123,499,Valid,L6,110.8,Found,01/01/1982,-76.94677,156.92971,(-76.94677; 156.92971)
Allan Hills 82124,500,Valid,H6,25.8,Found,01/01/1982,-77.03811,157.24166,(-77.03811; 157.24166)
Allan Hills 82125,501,Valid,L6,178.4,Found,01/01/1982,-76.98262,156.90998,(-76.98262; 156.90998)
Allan Hills 82126,502,Valid,H4,139.9,Found,01/01/1982,-76.90692,157.0235,(-76.90692; 157.0235)
Allan Hills 82127,503,Valid,H6,5.1,Found,01/01/1982,-76.96966,156.90165,(-76.96966; 156.90165)
Allan Hills 82128,504,Valid,H4,15.2,Found,01/01/1982,-76.96339,156.91969,(-76.96339; 156.91969)
Allan Hills 82129,505,Valid,H5,14.1,Found,01/01/1982,-76.97495,156.91895,(-76.97495; 156.91895)
Allan Hills 82130,506,Valid,Ureilite,44.6,Found,01/01/1982,-77.04237,157.25116,(-77.04237; 157.25116)
Allan Hills 82131,507,Valid,CM2,1,Found,01/01/1982,-76.88366,156.92815,(-76.88366; 156.92815)
Allan Hills 82132,508,Valid,EH4,5.9,Found,01/01/1982,-76.97583,156.94856,(-76.97583; 156.94856)
Allan Hills 82133,509,Valid,H4,19.7,Found,01/01/1982,-76.90256,157.02793,(-76.90256; 157.02793)
Allan Hills 82134,510,Valid,H5,28.2,Found,01/01/1982,-76.88761,156.93792,(-76.88761; 156.93792)
Allan Hills 82135,511,Valid,CK4,12.1,Found,01/01/1982,-76.91276,156.97559,(-76.91276; 156.97559)
Allan Hills 82136,512,Valid,H4,4.3,Found,01/01/1982,-76.90694,157.02548,(-76.90694; 157.02548)
Allan Hills 82137,513,Valid,L5,10.8,Found,01/01/1982,-77.02778,157.02833,(-77.02778; 157.02833)
Allan Hills 82138,514,Valid,H6,5,Found,01/01/1982,-76.97795,156.92687,(-76.97795; 156.92687)
Allan Hills 82139,515,Valid,L6,0.2,Found,01/01/1982,-77.05047,157.25814,(-77.05047; 157.25814)
Allan Hills 82140,516,Valid,L6,0.3,Found,01/01/1982,-77.04673,157.28252,(-77.04673; 157.28252)
Allan Hills 82141,517,Valid,H5,0.6,Found,01/01/1982,-77.03743,157.23679,(-77.03743; 157.23679)
Allan Hills 82142,518,Valid,L6,20,Found,01/01/1982,-76.89166,156.96457,(-76.89166; 156.96457)
Allan Hills 82143,519,Valid,H6,3.5,Found,01/01/1982,-76.92489,156.93821,(-76.92489; 156.93821)
Allan Hills 82144,520,Valid,H5,7.3,Found,01/01/1982,-77.04713,157.28227,(-77.04713; 157.28227)
Allan Hills 83001,521,Valid,L4,1568.6,Found,01/01/1983,-76.72109,158.73715,(-76.72109; 158.73715)
Allan Hills 83002,522,Valid,L5,367.1,Found,01/01/1983,-76.71158,158.77453,(-76.71158; 158.77453)
Allan Hills 83003,523,Valid,H5,321.8,Found,01/01/1983,-76.71111,159.42472,(-76.71111; 159.42472)
Allan Hills 83004,524,Valid,L6,813.9,Found,01/01/1983,-76.81849,158.15713,(-76.81849; 158.15713)
Allan Hills 83005,525,Valid,H5,227.9,Found,01/01/1983,-76.74472,159.40472,(-76.74472; 159.40472)
Allan Hills 83006,526,Valid,H5,230.2,Found,01/01/1983,-76.7188,158.77155,(-76.7188; 158.77155)
Allan Hills 83007,527,Valid,LL3.4,285,Found,01/01/1983,-76.76806,159.33944,(-76.76806; 159.33944)
Allan Hills 83008,528,Valid,L3.4-3.7,272,Found,01/01/1983,-76.69167,159.37306,(-76.69167; 159.37306)
Allan Hills 83009,529,Valid,Aubrite,1.7,Found,01/01/1983,-76.82204,158.20666,(-76.82204; 158.20666)
Allan Hills 83010,530,Valid,LL3.3,395.2,Found,01/01/1983,-76.76991,158.1405,(-76.76991; 158.1405)
Allan Hills 83011,531,Valid,L5,213.3,Found,01/01/1983,-76.69389,159.3875,(-76.69389; 159.3875)
Allan Hills 83012,532,Valid,H5,202.7,Found,01/01/1983,-76.71356,158.77754,(-76.71356; 158.77754)
Allan Hills 83013,533,Valid,H6,246.3,Found,01/01/1983,-76.75889,159.34611,(-76.75889; 159.34611)
Allan Hills 83014,534,Valid,Ureilite,1.3,Found,01/01/1983,-76.82229,158.23233,(-76.82229; 158.23233)
Allan Hills 83015,535,Valid,Aubrite,3.1,Found,01/01/1983,-76.82221,158.21305,(-76.82221; 158.21305)
Allan Hills 83016,536,Valid,CM2,4.1,Found,01/01/1983,-76.82256,158.20601,(-76.82256; 158.20601)
Allan Hills 83017,537,Valid,L3.5,0.6,Found,01/01/1983,-76.82235,158.20609,(-76.82235; 158.20609)
Allan Hills 83018,538,Valid,EL6,3.7,Found,01/01/1983,-76.82236,158.24213,(-76.82236; 158.24213)
Allan Hills 83019,539,Valid,H4,2.6,Found,01/01/1983,-76.82229,158.24188,(-76.82229; 158.24188)
Allan Hills 83020,540,Valid,H5,2.9,Found,01/01/1983,-76.81315,158.06767,(-76.81315; 158.06767)
Allan Hills 83021,541,Valid,L6,42.4,Found,01/01/1983,-76.69694,159.39028,(-76.69694; 159.39028)
Allan Hills 83022,542,Valid,LL6,5.4,Found,01/01/1983,-76.81791,158.19091,(-76.81791; 158.19091)
Allan Hills 83023,543,Valid,L4,4.2,Found,01/01/1983,-76.82248,158.20557,(-76.82248; 158.20557)
Allan Hills 83024,544,Valid,H6,6.2,Found,01/01/1983,-76.82106,158.21255,(-76.82106; 158.21255)
Allan Hills 83025,545,Valid,H5,77.8,Found,01/01/1983,-76.69139,159.3825,(-76.69139; 159.3825)
Allan Hills 83026,546,Valid,CO3,0.1,Found,01/01/1983,-76.82234,158.21493,(-76.82234; 158.21493)
Allan Hills 83027,547,Valid,L6,2.7,Found,01/01/1983,-76.82234,158.215,(-76.82234; 158.215)
Allan Hills 83028,548,Valid,H6,16,Found,01/01/1983,-76.72278,159.36972,(-76.72278; 159.36972)
Allan Hills 83029,549,Valid,H5,96.2,Found,01/01/1983,-76.8243,158.22801,(-76.8243; 158.22801)
Allan Hills 83030,550,Valid,H5,48.7,Found,01/01/1983,-76.69111,159.38444,(-76.69111; 159.38444)
Allan Hills 83031,551,Valid,H5,10.4,Found,01/01/1983,-76.69361,159.39167,(-76.69361; 159.39167)
Allan Hills 83032,552,Valid,LL6,2.9,Found,01/01/1983,-76.82214,158.23429,(-76.82214; 158.23429)
Allan Hills 83033,553,Valid,L6,20.7,Found,01/01/1983,-76.69167,159.38472,(-76.69167; 159.38472)
Allan Hills 83034,554,Valid,H5,6.5,Found,01/01/1983,-76.69944,159.39056,(-76.69944; 159.39056)
Allan Hills 83035,555,Valid,H5,1.2,Found,01/01/1983,-76.82228,158.21366,(-76.82228; 158.21366)
Allan Hills 83036,556,Valid,H5,24.3,Found,01/01/1983,-76.69639,159.39556,(-76.69639; 159.39556)
Allan Hills 83037,557,Valid,H5,2.5,Found,01/01/1983,-76.82235,158.21503,(-76.82235; 158.21503)
Allan Hills 83038,558,Valid,L3.8,86.5,Found,01/01/1983,-76.71769,159.36411,(-76.71769; 159.36411)
Allan Hills 83039,559,Valid,H5,6.3,Found,01/01/1983,-76.69806,159.3975,(-76.69806; 159.3975)
Allan Hills 83040,560,Valid,H5,77.9,Found,01/01/1983,-76.69083,159.37139,(-76.69083; 159.37139)
Allan Hills 83041,561,Valid,L6,0.3,Found,01/01/1983,-76.82236,158.21482,(-76.82236; 158.21482)
Allan Hills 83042,562,Valid,H3.6,0.5,Found,01/01/1983,-76.81765,158.19001,(-76.81765; 158.19001)
Allan Hills 83043,563,Valid,L6,2.7,Found,01/01/1983,-76.82199,158.21505,(-76.82199; 158.21505)
Allan Hills 83044,564,Valid,H5,4.8,Found,01/01/1983,-76.82133,158.17741,(-76.82133; 158.17741)
Allan Hills 83045,565,Valid,L5,1.6,Found,01/01/1983,-76.82268,158.21812,(-76.82268; 158.21812)
Allan Hills 83046,566,Valid,H5,32.9,Found,01/01/1983,-76.82584,158.22437,(-76.82584; 158.22437)
Allan Hills 83047,567,Valid,H5,20,Found,01/01/1983,-76.69917,159.39861,(-76.69917; 159.39861)
Allan Hills 83048,568,Valid,L5,2.3,Found,01/01/1983,-76.69694,159.39695,(-76.69694; 159.39695)
Allan Hills 83049,569,Valid,H5,6.1,Found,01/01/1983,-76.69167,159.38528,(-76.69167; 159.38528)
Allan Hills 83050,570,Valid,H6,9.7,Found,01/01/1983,-76.69389,159.3875,(-76.69389; 159.3875)
Allan Hills 83051,571,Valid,H5,16.5,Found,01/01/1983,-76.71667,159.66667,(-76.71667; 159.66667)
Allan Hills 83052,572,Valid,L6,52.8,Found,01/01/1983,-76.82326,158.21348,(-76.82326; 158.21348)
Allan Hills 83053,573,Valid,H5,63.2,Found,01/01/1983,-76.71838,158.76949,(-76.71838; 158.76949)
Allan Hills 83054,574,Valid,LL6,16.8,Found,01/01/1983,-76.82277,158.21888,(-76.82277; 158.21888)
Allan Hills 83055,575,Valid,H5,18.4,Found,01/01/1983,-76.69889,159.39833,(-76.69889; 159.39833)
Allan Hills 83056,576,Valid,H5,1.4,Found,01/01/1983,-76.82197,158.21415,(-76.82197; 158.21415)
Allan Hills 83057,577,Valid,H5,62.9,Found,01/01/1983,-76.69389,159.38945,(-76.69389; 159.38945)
Allan Hills 83058,578,Valid,L6,29.2,Found,01/01/1983,-76.80682,158.03566,(-76.80682; 158.03566)
Allan Hills 83059,579,Valid,H5,3.5,Found,01/01/1983,-76.82193,158.21327,(-76.82193; 158.21327)
Allan Hills 83060,580,Valid,H5,8.8,Found,01/01/1983,-76.74,159.38167,(-76.74; 159.38167)
Allan Hills 83061,581,Valid,H5,33.6,Found,01/01/1983,-76.71602,158.73123,(-76.71602; 158.73123)
Allan Hills 83062,582,Valid,H5,76.9,Found,01/01/1983,-76.71893,158.771,(-76.71893; 158.771)
Allan Hills 83063,583,Valid,L6,16.9,Found,01/01/1983,-76.77111,159.2875,(-76.77111; 159.2875)
Allan Hills 83064,584,Valid,H5,12.4,Found,01/01/1983,-76.72038,158.76546,(-76.72038; 158.76546)
Allan Hills 83065,585,Valid,H5,53.6,Found,01/01/1983,-76.71088,158.78134,(-76.71088; 158.78134)
Allan Hills 83066,586,Valid,H5,45.9,Found,01/01/1983,-76.71951,158.76862,(-76.71951; 158.76862)
Allan Hills 83067,587,Valid,L6,95.8,Found,01/01/1983,-76.74194,159.38083,(-76.74194; 159.38083)
Allan Hills 83068,588,Valid,H5,0.8,Found,01/01/1983,-76.81435,158.13615,(-76.81435; 158.13615)
Allan Hills 83069,589,Valid,L5,78.2,Found,01/01/1983,-76.69944,159.12306,(-76.69944; 159.12306)
Allan Hills 83070,590,Valid,LL6,215.7,Found,01/01/1983,-76.82202,158.13059,(-76.82202; 158.13059)
Allan Hills 83071,591,Valid,H6,4.9,Found,01/01/1983,-76.69917,159.39861,(-76.69917; 159.39861)
Allan Hills 83072,592,Valid,H5,1.6,Found,01/01/1983,-76.8128,158.11533,(-76.8128; 158.11533)
Allan Hills 83073,593,Valid,H5,49.2,Found,01/01/1983,-76.71424,158.80149,(-76.71424; 158.80149)
Allan Hills 83074,594,Valid,H5,6.4,Found,01/01/1983,-76.77046,158.15787,(-76.77046; 158.15787)
Allan Hills 83100,595,Valid,CM1/2,3019,Found,01/01/1983,-76.71667,159.66667,(-76.71667; 159.66667)
Allan Hills 83101,596,Valid,L6,639.2,Found,01/01/1983,-76.98533,156.87608,(-76.98533; 156.87608)
Allan Hills 83102,597,Valid,CM2,1786.2,Found,01/01/1983,-77.04164,157.15458,(-77.04164; 157.15458)
Allan Hills 83103,598,Valid,H6,51.8,Found,01/01/1983,-76.96968,156.9094,(-76.96968; 156.9094)
Allan Hills 83104,599,Valid,H5,2.1,Found,01/01/1983,-76.96391,156.90554,(-76.96391; 156.90554)
Allan Hills 83105,600,Valid,L6,0.7,Found,01/01/1983,-77.04139,157.05861,(-77.04139; 157.05861)
Allan Hills 83106,601,Valid,CM2,22.3,Found,01/01/1983,-76.96393,156.90753,(-76.96393; 156.90753)
Allan Hills 83107,602,Valid,H5,38.4,Found,01/01/1983,-76.987,156.87283,(-76.987; 156.87283)
Allan Hills 83108,603,Valid,CO3.5,1519.4,Found,01/01/1983,-77.04639,157.07722,(-77.04639; 157.07722)
Allan Hills 84001,604,Valid,Martian (OPX),1930.9,Found,01/01/1984,-76.92031,156.77355,(-76.92031; 156.77355)
Allan Hills 84002,605,Valid,L6,7554,Found,01/01/1984,-76.74254,158.82886,(-76.74254; 158.82886)
Allan Hills 84003,606,Valid,H5,3088.7,Found,01/01/1984,-76.73217,158.6696,(-76.73217; 158.6696)
Allan Hills 84004,607,Valid,H4,9000,Found,01/01/1984,-76.73156,158.67942,(-76.73156; 158.67942)
Allan Hills 84005,608,Valid,L5,12000,Found,01/01/1984,-76.89102,156.89321,(-76.89102; 156.89321)
Allan Hills 84006,609,Valid,H4/5,16000,Found,01/01/1984,-76.76228,158.77438,(-76.76228; 158.77438)
Allan Hills 84007,610,Valid,Aubrite,705.6,Found,01/01/1984,-76.87783,158.50193,(-76.87783; 158.50193)
Bouri,47701,Valid,H4,9100,Found,01/01/1996,10.26667,40.56667,(10.26667; 40.56667)
Allan Hills 84008,611,Valid,Aubrite,301.6,Found,01/01/1984,-76.88238,158.57931,(-76.88238; 158.57931)
Allan Hills 84009,612,Valid,Aubrite,335.6,Found,01/01/1984,-76.86569,158.52417,(-76.86569; 158.52417)
Allan Hills 84010,613,Valid,Aubrite,303,Found,01/01/1984,-76.88572,158.61378,(-76.88572; 158.61378)
Allan Hills 84011,614,Valid,Aubrite,138.2,Found,01/01/1984,-76.87851,158.61831,(-76.87851; 158.61831)
Allan Hills 84012,615,Valid,Aubrite,224.7,Found,01/01/1984,-76.88304,158.53214,(-76.88304; 158.53214)
Allan Hills 84013,616,Valid,Aubrite,159.9,Found,01/01/1984,-76.8982,158.59203,(-76.8982; 158.59203)
Allan Hills 84014,617,Valid,Aubrite,49.4,Found,01/01/1984,-76.88435,158.67508,(-76.88435; 158.67508)
Allan Hills 84015,618,Valid,Aubrite,263.9,Found,01/01/1984,-76.88495,158.60279,(-76.88495; 158.60279)
Allan Hills 84016,619,Valid,Aubrite,149.7,Found,01/01/1984,-76.88429,158.58777,(-76.88429; 158.58777)
Allan Hills 84017,620,Valid,Aubrite,79.8,Found,01/01/1984,-76.88322,158.662,(-76.88322; 158.662)
Allan Hills 84018,621,Valid,Aubrite,81.7,Found,01/01/1984,-76.86224,158.51818,(-76.86224; 158.51818)
Allan Hills 84019,622,Valid,Aubrite,93.2,Found,01/01/1984,-76.84714,158.50969,(-76.84714; 158.50969)
Allan Hills 84020,623,Valid,Aubrite,191.1,Found,01/01/1984,-76.86997,158.53785,(-76.86997; 158.53785)
Allan Hills 84021,624,Valid,Aubrite,35.7,Found,01/01/1984,-76.85453,158.50622,(-76.85453; 158.50622)
Allan Hills 84022,625,Valid,Aubrite,12.5,Found,01/01/1984,-76.77022,158.80784,(-76.77022; 158.80784)
Allan Hills 84023,626,Valid,Aubrite,262.4,Found,01/01/1984,-76.89846,158.58451,(-76.89846; 158.58451)
Allan Hills 84024,627,Valid,Aubrite,194.4,Found,01/01/1984,-76.872,158.54311,(-76.872; 158.54311)
Allan Hills 84025,628,Valid,Brachinite,4.6,Found,01/01/1984,-77.02267,157.02695,(-77.02267; 157.02695)
Allan Hills 84027,629,Valid,LL7(?),8,Found,01/01/1984,-76.90111,156.78436,(-76.90111; 156.78436)
Allan Hills 84028,630,Valid,CV3,735.9,Found,01/01/1984,-76.77066,158.8921,(-76.77066; 158.8921)
Allan Hills 84029,631,Valid,CM2,119.8,Found,01/01/1984,-77.04239,157.07331,(-77.04239; 157.07331)
Allan Hills 84030,632,Valid,CM2,6.2,Found,01/01/1984,-77.04114,157.08925,(-77.04114; 157.08925)
Allan Hills 84031,633,Valid,CM2,12.5,Found,01/01/1984,-77.03891,157.07356,(-77.03891; 157.07356)
Allan Hills 84032,634,Valid,CM2,7.9,Found,01/01/1984,-77.0394,157.07168,(-77.0394; 157.07168)
Allan Hills 84033,635,Valid,CM2,60.4,Found,01/01/1984,-76.74378,158.8388,(-76.74378; 158.8388)
Allan Hills 84034,636,Valid,CM2,44.1,Found,01/01/1984,-77.03948,157.0721,(-77.03948; 157.0721)
Allan Hills 84035,637,Valid,CM2,3.2,Found,01/01/1984,-76.99221,156.97646,(-76.99221; 156.97646)
Allan Hills 84036,638,Valid,CM2,2.8,Found,01/01/1984,-76.89532,156.83534,(-76.89532; 156.83534)
Allan Hills 84037,639,Valid,CV3,3,Found,01/01/1984,-76.97931,156.96098,(-76.97931; 156.96098)
Allan Hills 84038,640,Valid,CK4,12.3,Found,01/01/1984,-76.88906,157.05112,(-76.88906; 157.05112)
Allan Hills 84039,641,Valid,CM2,32.8,Found,01/01/1984,-76.89316,156.95714,(-76.89316; 156.95714)
Allan Hills 84040,642,Valid,CM2,28.7,Found,01/01/1984,-77.0397,157.0719,(-77.0397; 157.0719)
Allan Hills 84041,643,Valid,CM2,1.3,Found,01/01/1984,-76.99528,156.97546,(-76.99528; 156.97546)
Allan Hills 84042,644,Valid,CM2,51.3,Found,01/01/1984,-77.04288,157.07299,(-77.04288; 157.07299)
Allan Hills 84043,645,Valid,CM2,16.8,Found,01/01/1984,-77.03954,157.07239,(-77.03954; 157.07239)
Allan Hills 84044,646,Valid,CM2,147.4,Found,01/01/1984,-77.04295,157.07145,(-77.04295; 157.07145)
Allan Hills 84045,647,Valid,CM2,11.4,Found,01/01/1984,-77.03943,157.07162,(-77.03943; 157.07162)
Allan Hills 84046,648,Valid,CM2,1.5,Found,01/01/1984,-76.97908,156.96165,(-76.97908; 156.96165)
Allan Hills 84047,649,Valid,CM2,4.4,Found,01/01/1984,-77.03953,157.07168,(-77.03953; 157.07168)
Allan Hills 84048,650,Valid,CM2,12.6,Found,01/01/1984,-77.03936,157.07256,(-77.03936; 157.07256)
Allan Hills 84049,651,Valid,CM2,29.4,Found,01/01/1984,-77.03955,157.07117,(-77.03955; 157.07117)
Allan Hills 84050,652,Valid,CM2,3.2,Found,01/01/1984,-77.01641,156.97949,(-77.01641; 156.97949)
Allan Hills 84051,653,Valid,CM2,34.3,Found,01/01/1984,-77.03939,157.07174,(-77.03939; 157.07174)
Allan Hills 84052,654,Valid,LL6,10.5,Found,01/01/1984,-76.95067,156.93497,(-76.95067; 156.93497)
Allan Hills 84053,655,Valid,CM2,5.2,Found,01/01/1984,-77.02037,157.00819,(-77.02037; 157.00819)
Allan Hills 84054,656,Valid,CM2,19.4,Found,01/01/1984,-76.7406,158.81318,(-76.7406; 158.81318)
Allan Hills 84055,657,Valid,H5,6900.5,Found,01/01/1984,-76.72944,158.74157,(-76.72944; 158.74157)
Allan Hills 84056,658,Valid,L6,2140.3,Found,01/01/1984,-76.71667,159.66667,(-76.71667; 159.66667)
Allan Hills 84057,659,Valid,L6,368.2,Found,01/01/1984,-76.83592,158.25518,(-76.83592; 158.25518)
Allan Hills 84058,660,Valid,L6,2002.5,Found,01/01/1984,-77.02175,156.99984,(-77.02175; 156.99984)
Allan Hills 84059,661,Valid,H4,856.9,Found,01/01/1984,-76.76988,158.80378,(-76.76988; 158.80378)
Allan Hills 84060,662,Valid,H5,338.9,Found,01/01/1984,-76.89371,156.98032,(-76.89371; 156.98032)
Allan Hills 84061,663,Valid,L6,676.4,Found,01/01/1984,-76.99289,156.95507,(-76.99289; 156.95507)
Allan Hills 84062,664,Valid,L6,958.2,Found,01/01/1984,-76.92062,156.8752,(-76.92062; 156.8752)
Allan Hills 84063,665,Valid,L5,759.6,Found,01/01/1984,-76.98268,156.9338,(-76.98268; 156.9338)
Allan Hills 84064,666,Valid,H5,1889.1,Found,01/01/1984,-76.91491,156.9387,(-76.91491; 156.9387)
Allan Hills 84065,667,Valid,L6,1641.7,Found,01/01/1984,-76.89909,156.83414,(-76.89909; 156.83414)
Allan Hills 84066,668,Valid,L6,355.8,Found,01/01/1984,-76.72597,158.64803,(-76.72597; 158.64803)
Allan Hills 84067,669,Valid,H5,391.2,Found,01/01/1984,-76.72477,158.71596,(-76.72477; 158.71596)
Allan Hills 84068,670,Valid,H5,1114.1,Found,01/01/1984,-76.92766,156.94055,(-76.92766; 156.94055)
Allan Hills 84069,671,Valid,H5,1136.3,Found,01/01/1984,-76.75137,158.84018,(-76.75137; 158.84018)
Allan Hills 84070,672,Valid,L6,3951.7,Found,01/01/1984,-76.90824,156.8802,(-76.90824; 156.8802)
Allan Hills 84071,673,Valid,H6,797.7,Found,01/01/1984,-76.71667,159.66667,(-76.71667; 159.66667)
Allan Hills 84072,674,Valid,L6,720.9,Found,01/01/1984,-76.83571,158.26384,(-76.83571; 158.26384)
Allan Hills 84073,675,Valid,H5,630.6,Found,01/01/1984,-76.91608,156.97014,(-76.91608; 156.97014)
Allan Hills 84074,676,Valid,H5,757.5,Found,01/01/1984,-77.02126,156.98388,(-77.02126; 156.98388)
Allan Hills 84075,677,Valid,H5,788.6,Found,01/01/1984,-76.72144,158.76413,(-76.72144; 158.76413)
Allan Hills 84076,678,Valid,H5,368.7,Found,01/01/1984,-76.99148,156.96855,(-76.99148; 156.96855)
Allan Hills 84077,679,Valid,H5,276.4,Found,01/01/1984,-76.96265,156.92887,(-76.96265; 156.92887)
Allan Hills 84078,680,Valid,H5,283.3,Found,01/01/1984,-77.0238,157.01072,(-77.0238; 157.01072)
Allan Hills 84079,681,Valid,L6,749.6,Found,01/01/1984,-76.90892,156.87924,(-76.90892; 156.87924)
Allan Hills 84080,682,Valid,L6,286.8,Found,01/01/1984,-76.89722,156.8853,(-76.89722; 156.8853)
Allan Hills 84081,683,Valid,LL6,612.3,Found,01/01/1984,-76.92365,156.95124,(-76.92365; 156.95124)
Allan Hills 84082,684,Valid,H6,556.6,Found,01/01/1984,-76.89074,157.05899,(-76.89074; 157.05899)
Allan Hills 84083,685,Valid,H6,419.7,Found,01/01/1984,-76.76679,158.79649,(-76.76679; 158.79649)
Allan Hills 84084,686,Valid,H4,331.8,Found,01/01/1984,-76.89684,156.88501,(-76.89684; 156.88501)
Allan Hills 84085,687,Valid,H5,554.2,Found,01/01/1984,-76.72553,158.71679,(-76.72553; 158.71679)
Allan Hills 84086,688,Valid,L3.8,234,Found,01/01/1984,-77.04172,157.02258,(-77.04172; 157.02258)
Allan Hills 84087,689,Valid,L6,314.6,Found,01/01/1984,-76.90892,156.8798,(-76.90892; 156.8798)
Allan Hills 84088,690,Valid,H5,297.5,Found,01/01/1984,-76.90225,156.92287,(-76.90225; 156.92287)
Allan Hills 84089,691,Valid,H5,303.8,Found,01/01/1984,-76.90637,156.96454,(-76.90637; 156.96454)
Allan Hills 84090,692,Valid,L6,201.8,Found,01/01/1984,-76.82607,158.22142,(-76.82607; 158.22142)
Allan Hills 84091,693,Valid,H5,214.6,Found,01/01/1984,-77.03872,157.21351,(-77.03872; 157.21351)
Allan Hills 84092,694,Valid,L6,213.9,Found,01/01/1984,-76.89987,156.97472,(-76.89987; 156.97472)
Allan Hills 84093,695,Valid,H6,113.5,Found,01/01/1984,-76.86669,158.52076,(-76.86669; 158.52076)
Allan Hills 84094,696,Valid,H5,207.6,Found,01/01/1984,-76.87818,157.00095,(-76.87818; 157.00095)
Allan Hills 84095,697,Valid,L6,276.8,Found,01/01/1984,-76.93506,156.91791,(-76.93506; 156.91791)
Allan Hills 84096,698,Valid,LL6(?),293.6,Found,01/01/1984,-76.83027,158.31856,(-76.83027; 158.31856)
Allan Hills 84097,699,Valid,L6,388.7,Found,01/01/1984,-76.91001,156.72089,(-76.91001; 156.72089)
Allan Hills 84098,700,Valid,H5,260.5,Found,01/01/1984,-76.87519,156.98999,(-76.87519; 156.98999)
Allan Hills 84099,701,Valid,H5,150.3,Found,01/01/1984,-76.87679,156.99721,(-76.87679; 156.99721)
Allan Hills 84100,702,Valid,H5,110.3,Found,01/01/1984,-76.74282,158.83369,(-76.74282; 158.83369)
Allan Hills 84101,703,Valid,H6,220.9,Found,01/01/1984,-76.71667,159.66667,(-76.71667; 159.66667)
Allan Hills 84102,704,Valid,L6,213.9,Found,01/01/1984,-76.91024,156.79453,(-76.91024; 156.79453)
Allan Hills 84103,705,Valid,H4,137.5,Found,01/01/1984,-76.75705,158.76999,(-76.75705; 158.76999)
Allan Hills 84104,706,Valid,L6,201.1,Found,01/01/1984,-77.01648,156.97919,(-77.01648; 156.97919)
Allan Hills 84105,707,Valid,H6,260.9,Found,01/01/1984,-76.75498,158.76252,(-76.75498; 158.76252)
Allan Hills 84106,708,Valid,L6,94.7,Found,01/01/1984,-76.88744,156.93344,(-76.88744; 156.93344)
Allan Hills 84107,709,Valid,LL6,134.1,Found,01/01/1984,-77.04441,157.14714,(-77.04441; 157.14714)
Allan Hills 84108,710,Valid,H6,214.8,Found,01/01/1984,-76.90198,156.76583,(-76.90198; 156.76583)
Allan Hills 84109,711,Valid,H6,245.9,Found,01/01/1984,-76.75371,158.76659,(-76.75371; 158.76659)
Allan Hills 84110,712,Valid,H6,318.5,Found,01/01/1984,-76.75568,158.76154,(-76.75568; 158.76154)
Allan Hills 84111,713,Valid,H5,131.5,Found,01/01/1984,-76.74202,159.28689,(-76.74202; 159.28689)
Allan Hills 84112,714,Valid,L6,145.8,Found,01/01/1984,-76.90657,156.81312,(-76.90657; 156.81312)
Allan Hills 84113,715,Valid,H6,212.1,Found,01/01/1984,-76.74688,158.8072,(-76.74688; 158.8072)
Allan Hills 84114,716,Valid,H6,119.9,Found,01/01/1984,-76.9768,156.91717,(-76.9768; 156.91717)
Allan Hills 84115,717,Valid,H6,194.5,Found,01/01/1984,-77.04366,157.09028,(-77.04366; 157.09028)
Allan Hills 84116,718,Valid,LL6,56.2,Found,01/01/1984,-76.82442,158.38274,(-76.82442; 158.38274)
Allan Hills 84117,719,Valid,H5,71.8,Found,01/01/1984,-76.9095,156.69457,(-76.9095; 156.69457)
Allan Hills 84118,720,Valid,H6,113.7,Found,01/01/1984,-76.72107,159.35988,(-76.72107; 159.35988)
Allan Hills 84119,721,Valid,LL6,33.8,Found,01/01/1984,-76.90169,156.78514,(-76.90169; 156.78514)
Allan Hills 84120,722,Valid,L3.8,129,Found,01/01/1984,-76.90505,156.94032,(-76.90505; 156.94032)
Allan Hills 84121,723,Valid,H5,141.4,Found,01/01/1984,-76.72513,158.7146,(-76.72513; 158.7146)
Allan Hills 84122,724,Valid,LL6,81.4,Found,01/01/1984,-76.67555,159.30823,(-76.67555; 159.30823)
Allan Hills 84123,725,Valid,LL6,96.6,Found,01/01/1984,-76.74281,158.83348,(-76.74281; 158.83348)
Allan Hills 84124,726,Valid,H5,114.5,Found,01/01/1984,-76.72475,158.7157,(-76.72475; 158.7157)
Allan Hills 84125,727,Valid,LL6,76.4,Found,01/01/1984,-76.73658,158.8256,(-76.73658; 158.8256)
Allan Hills 84126,728,Valid,LL3.4,41.2,Found,01/01/1984,-76.89442,156.85552,(-76.89442; 156.85552)
Allan Hills 84127,729,Valid,L6,83.8,Found,01/01/1984,-76.70706,158.73423,(-76.70706; 158.73423)
Allan Hills 84128,730,Valid,H5,2.1,Found,01/01/1984,-76.71094,158.74709,(-76.71094; 158.74709)
Allan Hills 84129,731,Valid,L6,37.6,Found,01/01/1984,-76.91616,156.82442,(-76.91616; 156.82442)
Allan Hills 84130,732,Valid,L6,45.1,Found,01/01/1984,-76.71597,159.36685,(-76.71597; 159.36685)
Allan Hills 84131,733,Valid,H5,107.9,Found,01/01/1984,-76.72553,158.71352,(-76.72553; 158.71352)
Allan Hills 84132,734,Valid,L6,157.8,Found,01/01/1984,-77.01706,156.96282,(-77.01706; 156.96282)
Allan Hills 84133,735,Valid,H5,70.5,Found,01/01/1984,-76.90232,156.83867,(-76.90232; 156.83867)
Allan Hills 84134,736,Valid,L6,113.4,Found,01/01/1984,-76.90037,156.77608,(-76.90037; 156.77608)
Allan Hills 84135,737,Valid,H5,31.3,Found,01/01/1984,-76.97272,156.90759,(-76.97272; 156.90759)
Allan Hills 84136,738,Valid,Ureilite,83.5,Found,01/01/1984,-77.03962,157.14771,(-77.03962; 157.14771)
Allan Hills 84137,739,Valid,H5,145.4,Found,01/01/1984,-76.72618,158.71187,(-76.72618; 158.71187)
Allan Hills 84138,740,Valid,H5,20.2,Found,01/01/1984,-76.71035,158.78026,(-76.71035; 158.78026)
Allan Hills 84139,741,Valid,H5,157.1,Found,01/01/1984,-76.7528,158.76289,(-76.7528; 158.76289)
Allan Hills 84140,742,Valid,L6,164,Found,01/01/1984,-77.0238,156.99656,(-77.0238; 156.99656)
Allan Hills 84141,743,Valid,L6,130.3,Found,01/01/1984,-76.90681,156.84795,(-76.90681; 156.84795)
Cacilandia,5191,Valid,H6,,Found,,,,
Allan Hills 84142,744,Valid,L6,78.5,Found,01/01/1984,-77.01141,156.94615,(-77.01141; 156.94615)
Allan Hills 84143,745,Valid,L6,74.3,Found,01/01/1984,-76.75194,158.80602,(-76.75194; 158.80602)
Allan Hills 84144,746,Valid,H5,53.9,Found,01/01/1984,-76.96327,156.92228,(-76.96327; 156.92228)
Allan Hills 84145,747,Valid,H5,19.2,Found,01/01/1984,-76.95195,156.91759,(-76.95195; 156.91759)
Allan Hills 84146,748,Valid,H5,33.2,Found,01/01/1984,-76.70911,158.73826,(-76.70911; 158.73826)
Allan Hills 84147,749,Valid,H6,54.2,Found,01/01/1984,-76.91719,156.88659,(-76.91719; 156.88659)
Allan Hills 84148,750,Valid,H5,168.4,Found,01/01/1984,-76.72522,158.71588,(-76.72522; 158.71588)
Allan Hills 84149,751,Valid,H5,12,Found,01/01/1984,-76.71033,158.78075,(-76.71033; 158.78075)
Allan Hills 84150,752,Valid,H6,20,Found,01/01/1984,-77.02435,156.97828,(-77.02435; 156.97828)
Allan Hills 84151,753,Valid,H6,112.4,Found,01/01/1984,-76.75323,158.76609,(-76.75323; 158.76609)
Allan Hills 84152,754,Valid,H5,6.4,Found,01/01/1984,-76.98859,156.96088,(-76.98859; 156.96088)
Allan Hills 84153,755,Valid,H6,242.9,Found,01/01/1984,-76.97272,156.90759,(-76.97272; 156.90759)
Allan Hills 84154,756,Valid,LL6,87.6,Found,01/01/1984,-76.90682,156.71998,(-76.90682; 156.71998)
Allan Hills 84155,757,Valid,H5,113.9,Found,01/01/1984,-76.90557,156.85267,(-76.90557; 156.85267)
Allan Hills 84156,758,Valid,H5,27.8,Found,01/01/1984,-76.68787,159.35846,(-76.68787; 159.35846)
Allan Hills 84157,759,Valid,H5,88.6,Found,01/01/1984,-76.87213,156.98764,(-76.87213; 156.98764)
Allan Hills 84158,760,Valid,H5,53.7,Found,01/01/1984,-76.89695,156.9656,(-76.89695; 156.9656)
Allan Hills 84159,761,Valid,H6,100.8,Found,01/01/1984,-76.72351,158.70345,(-76.72351; 158.70345)
Allan Hills 84160,762,Valid,L6,53.9,Found,01/01/1984,-76.92288,156.81638,(-76.92288; 156.81638)
Allan Hills 84161,763,Valid,H5,82.9,Found,01/01/1984,-76.71086,158.72872,(-76.71086; 158.72872)
Allan Hills 84162,764,Valid,H5,42.3,Found,01/01/1984,-76.71427,158.77844,(-76.71427; 158.77844)
Allan Hills 84163,765,Valid,H5,134.9,Found,01/01/1984,-76.89216,157.07175,(-76.89216; 157.07175)
Allan Hills 84164,766,Valid,L6,101.4,Found,01/01/1984,-76.82065,158.25808,(-76.82065; 158.25808)
Allan Hills 84165,767,Valid,Iron; IIIAB,94.7,Found,01/01/1984,-76.72679,159.15597,(-76.72679; 159.15597)
Allan Hills 84166,768,Valid,L6,39,Found,01/01/1984,-76.70446,159.38647,(-76.70446; 159.38647)
Allan Hills 84167,769,Valid,H5,150.7,Found,01/01/1984,-76.69004,159.35472,(-76.69004; 159.35472)
Allan Hills 84168,770,Valid,LL6,14.2,Found,01/01/1984,-76.71881,158.65853,(-76.71881; 158.65853)
Allan Hills 84169,771,Valid,L6,98.4,Found,01/01/1984,-76.7478,158.84629,(-76.7478; 158.84629)
Allan Hills 84170,772,Valid,EH3,39.2,Found,01/01/1984,-76.75606,158.78074,(-76.75606; 158.78074)
Allan Hills 84171,773,Valid,H6,36.6,Found,01/01/1984,-76.98612,156.87504,(-76.98612; 156.87504)
Allan Hills 84172,774,Valid,H5,3,Found,01/01/1984,-76.75732,158.9042,(-76.75732; 158.9042)
Allan Hills 84173,775,Valid,L6,1.7,Found,01/01/1984,-76.82169,158.21104,(-76.82169; 158.21104)
Allan Hills 84174,776,Valid,L6,32.2,Found,01/01/1984,-76.7285,159.26298,(-76.7285; 159.26298)
Allan Hills 84175,777,Valid,H5,35.4,Found,01/01/1984,-76.95201,156.93536,(-76.95201; 156.93536)
Allan Hills 84176,778,Valid,H6,4.6,Found,01/01/1984,-76.69029,159.38336,(-76.69029; 159.38336)
Allan Hills 84177,779,Valid,L5,7.3,Found,01/01/1984,-76.71105,158.74719,(-76.71105; 158.74719)
Allan Hills 84178,780,Valid,H5,0.4,Found,01/01/1984,-76.80065,158.12891,(-76.80065; 158.12891)
Allan Hills 84179,781,Valid,H5,46.5,Found,01/01/1984,-77.05109,157.06566,(-77.05109; 157.06566)
Allan Hills 84180,782,Valid,H6,47.4,Found,01/01/1984,-76.69406,159.35644,(-76.69406; 159.35644)
Allan Hills 84181,783,Valid,L6,32.9,Found,01/01/1984,-76.75729,158.90418,(-76.75729; 158.90418)
Allan Hills 84182,784,Valid,L6,14.2,Found,01/01/1984,-76.99829,156.93829,(-76.99829; 156.93829)
Allan Hills 84183,785,Valid,H5,27.8,Found,01/01/1984,-76.68431,159.3422,(-76.68431; 159.3422)
Allan Hills 84184,786,Valid,H5,42.1,Found,01/01/1984,-76.74662,158.85187,(-76.74662; 158.85187)
Allan Hills 84185,787,Valid,H5,4.8,Found,01/01/1984,-76.82192,158.24979,(-76.82192; 158.24979)
Allan Hills 84186,788,Valid,H6,19.6,Found,01/01/1984,-76.65807,159.32555,(-76.65807; 159.32555)
Allan Hills 84187,789,Valid,H6,25.9,Found,01/01/1984,-76.71976,158.68913,(-76.71976; 158.68913)
Allan Hills 84188,790,Valid,EH3,3.1,Found,01/01/1984,-76.75272,158.76745,(-76.75272; 158.76745)
Allan Hills 84189,791,Valid,H6,8.7,Found,01/01/1984,-76.71444,158.70131,(-76.71444; 158.70131)
Allan Hills 84190,792,Valid,Acapulcoite,7.9,Found,01/01/1984,-76.68361,159.33783,(-76.68361; 159.33783)
Allan Hills 84191,793,Valid,CM2,14,Found,01/01/1984,-76.82219,158.32775,(-76.82219; 158.32775)
Allan Hills 84192,794,Valid,H5,4.2,Found,01/01/1984,-76.68029,159.34296,(-76.68029; 159.34296)
Allan Hills 84193,795,Valid,L6,9.4,Found,01/01/1984,-76.90674,156.82425,(-76.90674; 156.82425)
Allan Hills 84194,796,Valid,H5,3.9,Found,01/01/1984,-76.72364,159.41487,(-76.72364; 159.41487)
Allan Hills 84195,797,Valid,L4,2.1,Found,01/01/1984,-76.69848,159.39858,(-76.69848; 159.39858)
Allan Hills 84196,798,Valid,H5,10.2,Found,01/01/1984,-76.67941,159.34173,(-76.67941; 159.34173)
Allan Hills 84197,799,Valid,L6,8.2,Found,01/01/1984,-76.75722,158.90399,(-76.75722; 158.90399)
Allan Hills 84198,800,Valid,LL6,5.4,Found,01/01/1984,-76.80287,158.16296,(-76.80287; 158.16296)
Allan Hills 84199,801,Valid,H5,27.1,Found,01/01/1984,-76.95666,156.90066,(-76.95666; 156.90066)
Allan Hills 84200,802,Valid,EH3,8.5,Found,01/01/1984,-76.75725,158.78341,(-76.75725; 158.78341)
Allan Hills 84201,803,Valid,H5,6.3,Found,01/01/1984,-76.7574,158.90775,(-76.7574; 158.90775)
Allan Hills 84202,804,Valid,H5,87.5,Found,01/01/1984,-76.71905,158.76475,(-76.71905; 158.76475)
Allan Hills 84203,805,Valid,L6,8.8,Found,01/01/1984,-76.81428,158.14376,(-76.81428; 158.14376)
Allan Hills 84204,806,Valid,H6,24.4,Found,01/01/1984,-76.89116,156.89215,(-76.89116; 156.89215)
Allan Hills 84205,807,Valid,L3.9,25.2,Found,01/01/1984,-76.89031,156.99504,(-76.89031; 156.99504)
Allan Hills 84206,808,Valid,EH3,15.1,Found,01/01/1984,-76.75149,158.76535,(-76.75149; 158.76535)
Allan Hills 84207,809,Valid,L6,4.5,Found,01/01/1984,-76.95208,156.93724,(-76.95208; 156.93724)
Allan Hills 84208,810,Valid,H6,20.9,Found,01/01/1984,-76.96206,156.93099,(-76.96206; 156.93099)
Allan Hills 84209,811,Valid,L5,5.5,Found,01/01/1984,-76.69843,159.39841,(-76.69843; 159.39841)
Allan Hills 84210,812,Valid,L6,8.8,Found,01/01/1984,-76.77051,158.81479,(-76.77051; 158.81479)
Allan Hills 84211,813,Valid,H6,49.2,Found,01/01/1984,-76.90272,156.85108,(-76.90272; 156.85108)
Allan Hills 84212,814,Valid,L6,7.1,Found,01/01/1984,-76.76216,158.79286,(-76.76216; 158.79286)
Allan Hills 84213,815,Valid,H5,6.7,Found,01/01/1984,-76.67544,159.30823,(-76.67544; 159.30823)
Allan Hills 84214,816,Valid,H6,4.9,Found,01/01/1984,-76.88141,158.58062,(-76.88141; 158.58062)
Allan Hills 84215,817,Valid,H6,9.2,Found,01/01/1984,-76.67946,159.34206,(-76.67946; 159.34206)
Allan Hills 84216,818,Valid,H5,5.5,Found,01/01/1984,-76.8209,158.25076,(-76.8209; 158.25076)
Allan Hills 84217,819,Valid,H5,2.7,Found,01/01/1984,-77.0203,156.91357,(-77.0203; 156.91357)
Allan Hills 84218,820,Valid,L6,33,Found,01/01/1984,-77.01978,156.91549,(-77.01978; 156.91549)
Allan Hills 84219,821,Valid,L6,9.8,Found,01/01/1984,-77.00107,156.91147,(-77.00107; 156.91147)
Allan Hills 84220,822,Valid,EH3,8.4,Found,01/01/1984,-76.75646,158.91429,(-76.75646; 158.91429)
Allan Hills 84221,823,Valid,H5,16.4,Found,01/01/1984,-76.88861,157.03,(-76.88861; 157.03)
Allan Hills 84222,824,Valid,H5,9.9,Found,01/01/1984,-76.67395,159.32548,(-76.67395; 159.32548)
Allan Hills 84223,825,Valid,H5,10.6,Found,01/01/1984,-77.02619,156.91944,(-77.02619; 156.91944)
Allan Hills 84224,826,Valid,H6,7.2,Found,01/01/1984,-76.69405,159.38838,(-76.69405; 159.38838)
Allan Hills 84225,827,Valid,H5,8.7,Found,01/01/1984,-76.65827,159.32682,(-76.65827; 159.32682)
Allan Hills 84226,828,Valid,H5,27.6,Found,01/01/1984,-76.67709,159.30462,(-76.67709; 159.30462)
Allan Hills 84227,829,Valid,H5,12.1,Found,01/01/1984,-76.71175,158.78789,(-76.71175; 158.78789)
Allan Hills 84228,830,Valid,H5,9.8,Found,01/01/1984,-76.6836,159.34932,(-76.6836; 159.34932)
Allan Hills 84229,831,Valid,L6,6.9,Found,01/01/1984,-76.73228,158.81663,(-76.73228; 158.81663)
Allan Hills 84230,832,Valid,H4,2.4,Found,01/01/1984,-76.75647,158.91425,(-76.75647; 158.91425)
Cumulus Hills 04045,32511,Valid,L6,31.6,Found,01/01/2003,,,
Allan Hills 84231,833,Valid,L6,42.6,Found,01/01/1984,-76.9028,156.95373,(-76.9028; 156.95373)
Allan Hills 84232,834,Valid,H4,9.9,Found,01/01/1984,-76.71074,158.74629,(-76.71074; 158.74629)
Allan Hills 84233,835,Valid,Iron; ungrouped,13.6,Found,01/01/1984,-76.7119,158.72942,(-76.7119; 158.72942)
Allan Hills 84234,836,Valid,L6,3.9,Found,01/01/1984,-76.95262,156.9376,(-76.95262; 156.9376)
Allan Hills 84235,837,Valid,EH3,6,Found,01/01/1984,-76.75174,158.76483,(-76.75174; 158.76483)
Allan Hills 84236,838,Valid,H5,32.3,Found,01/01/1984,-76.70984,159.3266,(-76.70984; 159.3266)
Allan Hills 84237,839,Valid,H5,7.5,Found,01/01/1984,-76.69863,159.39845,(-76.69863; 159.39845)
Allan Hills 84238,840,Valid,L6,1.9,Found,01/01/1984,-76.80207,158.15703,(-76.80207; 158.15703)
Allan Hills 84239,841,Valid,H5,14.7,Found,01/01/1984,-76.68787,159.35847,(-76.68787; 159.35847)
Allan Hills 84240,842,Valid,H5,25.9,Found,01/01/1984,-76.76681,158.7999,(-76.76681; 158.7999)
Allan Hills 84241,843,Valid,H5,16.7,Found,01/01/1984,-76.97482,156.92322,(-76.97482; 156.92322)
Allan Hills 84242,844,Valid,H6,16.9,Found,01/01/1984,-76.80333,158.16446,(-76.80333; 158.16446)
Allan Hills 84243,845,Valid,H6,48.9,Found,01/01/1984,-76.71667,159.66667,(-76.71667; 159.66667)
Allan Hills 84244,846,Valid,L6,33.5,Found,01/01/1984,-76.90362,157.00926,(-76.90362; 157.00926)
Allan Hills 84245,847,Valid,H5,18.9,Found,01/01/1984,-76.96351,156.93272,(-76.96351; 156.93272)
Allan Hills 84246,848,Valid,H5,1.8,Found,01/01/1984,-76.86689,158.52155,(-76.86689; 158.52155)
Allan Hills 84247,849,Valid,L6,49.6,Found,01/01/1984,-76.90913,156.99222,(-76.90913; 156.99222)
Allan Hills 84248,850,Valid,H5,4.9,Found,01/01/1984,-76.69255,159.39066,(-76.69255; 159.39066)
Allan Hills 84249,851,Valid,H5,23.4,Found,01/01/1984,-76.98428,156.87774,(-76.98428; 156.87774)
Allan Hills 84250,852,Valid,EH3,10,Found,01/01/1984,-76.75691,158.91155,(-76.75691; 158.91155)
Allan Hills 84251,853,Valid,H5,34.3,Found,01/01/1984,-76.95501,156.93549,(-76.95501; 156.93549)
Allan Hills 84252,854,Valid,H6,3.1,Found,01/01/1984,-76.89871,156.79221,(-76.89871; 156.79221)
Allan Hills 84253,855,Valid,H5,7.1,Found,01/01/1984,-76.96688,156.92161,(-76.96688; 156.92161)
Allan Hills 84254,856,Valid,EH3,2,Found,01/01/1984,-76.99141,156.97536,(-76.99141; 156.97536)
Allan Hills 84255,857,Valid,LL6,11.3,Found,01/01/1984,-76.9522,156.93703,(-76.9522; 156.93703)
Allan Hills 84256,858,Valid,L6,3,Found,01/01/1984,-76.7065,158.7323,(-76.7065; 158.7323)
Allan Hills 84257,859,Valid,H6,18.8,Found,01/01/1984,-76.96217,156.93101,(-76.96217; 156.93101)
Allan Hills 84258,860,Valid,L5,2.6,Found,01/01/1984,-76.9061,156.8297,(-76.9061; 156.8297)
Allan Hills 84259,861,Valid,H5,23.1,Found,01/01/1984,-76.7137,158.78281,(-76.7137; 158.78281)
Allan Hills 84260,862,Valid,H5,14.6,Found,01/01/1984,-76.73253,159.18976,(-76.73253; 159.18976)
Allan Hills 84261,863,Valid,L6,5.1,Found,01/01/1984,-76.90584,156.83258,(-76.90584; 156.83258)
Allan Hills 84262,864,Valid,H6,15.3,Found,01/01/1984,-76.72034,158.68736,(-76.72034; 158.68736)
Allan Hills 84263,865,Valid,H5,4.6,Found,01/01/1984,-76.75813,158.92426,(-76.75813; 158.92426)
Allan Hills 84264,866,Valid,L6,137.6,Found,01/01/1984,-77.05037,157.19686,(-77.05037; 157.19686)
Allan Hills 85001,867,Valid,Eucrite-Mg rich,212.3,Found,01/01/1985,-76.8389,156.45213,(-76.8389; 156.45213)
Allan Hills 85002,868,Valid,CK4,437.7,Found,01/01/1985,-76.91661,156.53194,(-76.91661; 156.53194)
Allan Hills 85003,869,Valid,CO3.5,50.1,Found,01/01/1985,-76.90286,156.86987,(-76.90286; 156.86987)
Allan Hills 85004,870,Valid,CM2,8.4,Found,01/01/1985,-77.035,157.18083,(-77.035; 157.18083)
Allan Hills 85005,871,Valid,CM2,18.9,Found,01/01/1985,-76.9776,156.9358,(-76.9776; 156.9358)
Allan Hills 85006,872,Valid,CV3,49,Found,01/01/1985,-76.85224,156.31748,(-76.85224; 156.31748)
Allan Hills 85007,873,Valid,CM2,82,Found,01/01/1985,-76.90541,156.88223,(-76.90541; 156.88223)
Allan Hills 85008,874,Valid,CM2,32.1,Found,01/01/1985,-76.83662,156.14151,(-76.83662; 156.14151)
Allan Hills 85009,875,Valid,CM2,46.6,Found,01/01/1985,-76.83697,156.14036,(-76.83697; 156.14036)
Allan Hills 85010,876,Valid,CM2,3.2,Found,01/01/1985,-76.83631,156.14247,(-76.83631; 156.14247)
Cumulus Hills 04046,32512,Valid,L5,9,Found,01/01/2003,,,
Allan Hills 85011,877,Valid,CM2,10.7,Found,01/01/1985,-76.82728,156.16645,(-76.82728; 156.16645)
Allan Hills 85012,878,Valid,CM2,3.9,Found,01/01/1985,-77.035,157.18333,(-77.035; 157.18333)
Allan Hills 85013,879,Valid,CM2,130.4,Found,01/01/1985,-76.89057,156.46268,(-76.89057; 156.46268)
Allan Hills 85014,880,Valid,L6,75,Found,01/01/1985,-76.91791,156.70947,(-76.91791; 156.70947)
Allan Hills 85015,881,Valid,Diogenite,3.2,Found,01/01/1985,-76.90892,156.52294,(-76.90892; 156.52294)
Allan Hills 85016,882,Valid,L6,1412,Found,01/01/1985,-76.99984,156.95922,(-76.99984; 156.95922)
Allan Hills 85017,883,Valid,L6,2361.4,Found,01/01/1985,-76.9033,156.75663,(-76.9033; 156.75663)
Allan Hills 85018,884,Valid,H6,811.8,Found,01/01/1985,-76.88268,156.49194,(-76.88268; 156.49194)
Allan Hills 85019,885,Valid,LL6,632.8,Found,01/01/1985,-76.91508,156.53178,(-76.91508; 156.53178)
Allan Hills 85020,886,Valid,H6,744.3,Found,01/01/1985,-76.90701,156.78603,(-76.90701; 156.78603)
Allan Hills 85021,887,Valid,H5,646.8,Found,01/01/1985,-76.85498,156.46606,(-76.85498; 156.46606)
Allan Hills 85022,888,Valid,L6,951.5,Found,01/01/1985,-76.84391,156.36709,(-76.84391; 156.36709)
Allan Hills 85023,889,Valid,H6,438.5,Found,01/01/1985,-76.83755,156.41507,(-76.83755; 156.41507)
Allan Hills 85024,890,Valid,H5,387.7,Found,01/01/1985,-76.84525,156.43343,(-76.84525; 156.43343)
Allan Hills 85025,891,Valid,H5,713,Found,01/01/1985,-76.85539,156.47991,(-76.85539; 156.47991)
Allan Hills 85026,892,Valid,L6,817.1,Found,01/01/1985,-76.85858,156.26751,(-76.85858; 156.26751)
Allan Hills 85027,893,Valid,L6,370.4,Found,01/01/1985,-76.91433,156.63032,(-76.91433; 156.63032)
Allan Hills 85028,894,Valid,H6,325.7,Found,01/01/1985,-76.84829,156.43594,(-76.84829; 156.43594)
Allan Hills 85029,895,Valid,L6,388.8,Found,01/01/1985,-76.83961,156.40872,(-76.83961; 156.40872)
Allan Hills 85030,896,Valid,H6,619.7,Found,01/01/1985,-76.88918,156.51355,(-76.88918; 156.51355)
Allan Hills 85031,897,Valid,H6,200.6,Found,01/01/1985,-76.89914,156.5252,(-76.89914; 156.5252)
Allan Hills 85032,898,Valid,H6,424.2,Found,01/01/1985,-76.86321,156.43632,(-76.86321; 156.43632)
Allan Hills 85033,899,Valid,L4,249.8,Found,01/01/1985,-76.86198,156.43418,(-76.86198; 156.43418)
Allan Hills 85034,900,Valid,L6,343.9,Found,01/01/1985,-76.92308,156.58744,(-76.92308; 156.58744)
Allan Hills 85035,901,Valid,LL6,420.1,Found,01/01/1985,-76.73732,159.39194,(-76.73732; 159.39194)
Allan Hills 85036,902,Valid,H6,231.5,Found,01/01/1985,-76.83831,156.33386,(-76.83831; 156.33386)
Allan Hills 85037,903,Valid,H6,141.2,Found,01/01/1985,-76.75225,159.38956,(-76.75225; 159.38956)
Allan Hills 85038,904,Valid,H5,124.9,Found,01/01/1985,-76.82632,156.13873,(-76.82632; 156.13873)
Allan Hills 85039,905,Valid,L6,140.2,Found,01/01/1985,-76.90414,156.68119,(-76.90414; 156.68119)
Allan Hills 85040,906,Valid,L6,95.7,Found,01/01/1985,-76.81776,156.03075,(-76.81776; 156.03075)
Allan Hills 85041,907,Valid,H6,168,Found,01/01/1985,-76.70547,159.38484,(-76.70547; 159.38484)
Allan Hills 85042,908,Valid,H5,127.9,Found,01/01/1985,-76.90211,156.8671,(-76.90211; 156.8671)
Allan Hills 85043,909,Valid,H5,204.7,Found,01/01/1985,-76.91425,156.5072,(-76.91425; 156.5072)
Allan Hills 85044,910,Valid,H6,104.8,Found,01/01/1985,-76.70541,159.38493,(-76.70541; 159.38493)
